Date,Open Price,High Price,Low Price,Close Price,WAP,No.of Shares,No. of Trades,Total Turnover (Rs.),Deliverable Quantity,% Deli. Qty to Traded Qty,Spread High-Low,Spread Close-Open
6-January-2021,129.00,129.00,119.00,122.40,122.243940335612181479,9654,110,1180143.00,5952,61.65,10.00,-6.60
5-January-2021,120.00,134.00,120.00,122.35,124.787412966814359345,11059,140,1380024.00,8865,80.16,14.00,2.35
4-January-2021,134.90,134.90,121.65,128.40,128.847112766872044705,6979,94,899224.00,4325,61.97,13.25,-6.50
1-January-2021,132.90,133.20,123.10,130.95,128.931463313527704850,7237,92,933077.00,5735,79.25,10.10,-1.95
31-December-2020,135.05,142.00,119.00,122.95,126.022189597315436241,23840,245,3004369.00,17612,73.88,23.00,-12.10
30-December-2020,135.00,143.75,129.00,131.70,138.660444054247626088,43283,180,6001640.00,40495,93.56,14.75,-3.30
29-December-2020,134.95,150.00,121.00,141.90,138.457771929499416201,53957,436,7470766.00,45437,84.21,29.00,6.95
28-December-2020,129.00,129.95,115.55,128.85,126.477946866133608460,19385,289,2451775.00,13876,71.58,14.40,-0.15
24-December-2020,102.80,117.00,102.00,113.90,109.796232789066898705,19537,172,2145089.00,15212,77.86,15.00,11.10
23-December-2020,101.70,103.00,98.50,102.15,99.785802851828890266,3226,24,321909.00,2826,87.60,4.50,0.45
22-December-2020,102.80,102.80,94.35,98.20,96.678767876787678767,1818,39,175762.00,1140,62.71,8.45,-4.60
21-December-2020,104.10,104.10,93.50,96.70,99.302518109692997585,5798,64,575756.00,5055,87.19,10.60,-7.40
18-December-2020,102.40,102.50,101.05,102.50,102.458123953098827470,2388,20,244670.00,2157,90.33,1.45,0.10
17-December-2020,105.90,107.80,101.65,102.30,104.293015332197614991,4109,67,428540.00,2647,64.42,6.15,-3.60
16-December-2020,101.50,105.90,99.00,105.05,101.656748007968127490,8032,71,816507.00,6098,75.92,6.90,3.55
15-December-2020,98.60,112.00,95.60,99.15,99.968243088873657756,17508,122,1750244.00,13220,75.51,16.40,0.55
14-December-2020,108.35,108.35,99.10,104.45,103.835455934793683138,1963,54,203829.00,1373,69.94,9.25,-3.90
11-December-2020,106.90,109.95,99.05,100.10,102.564889213537862186,4107,50,421234.00,3427,83.44,10.90,-6.80
10-December-2020,101.35,105.90,100.65,103.85,102.670451237263464337,6870,58,705346.00,5413,78.79,5.25,2.50
9-December-2020,107.00,107.00,100.30,105.00,104.685377791373508718,6538,60,684433.00,5291,80.93,6.70,-2.00
8-December-2020,110.00,110.00,101.45,103.05,103.599159342758884218,7851,162,813357.00,5150,65.60,8.55,-6.95
7-December-2020,101.45,101.45,95.05,97.40,96.456140350877192982,9633,100,929162.00,8022,83.28,6.40,-4.05
4-December-2020,101.95,102.00,97.05,98.70,100.931761442441054091,3605,49,363859.00,3119,86.52,4.95,-3.25
3-December-2020,103.65,103.65,96.55,99.20,99.624685714285714285,4375,59,435858.00,3280,74.97,7.10,-4.45
2-December-2020,91.20,105.00,91.20,101.60,100.254076907590094624,14901,67,1493886.00,13488,90.52,13.80,10.40
1-December-2020,94.00,97.80,90.00,95.40,93.554674534390558731,16269,98,1522041.00,15117,92.92,7.80,1.40
27-November-2020,93.60,94.00,92.00,93.90,93.892461197339246119,902,13,84691.00,867,96.12,2.00,0.30
26-November-2020,94.95,94.95,90.05,93.60,93.388736263736263736,728,16,67987.00,417,57.28,4.90,-1.35
25-November-2020,91.40,95.00,90.10,93.85,92.601950354609929078,3384,38,313365.00,2703,79.88,4.90,2.45
24-November-2020,94.00,95.50,90.40,92.90,93.381402936378466557,3065,36,286214.00,2706,88.29,5.10,-1.10
23-November-2020,105.00,105.00,85.00,93.00,90.089101338432122370,2615,61,235583.00,1652,63.17,20.00,-12.00
20-November-2020,94.95,98.00,90.00,97.20,95.978566644340254521,2986,46,286592.00,2425,81.21,8.00,2.25
19-November-2020,88.80,94.25,88.00,92.90,91.264516129032258064,2945,42,268774.00,2438,82.78,6.25,4.10
18-November-2020,108.00,108.00,86.00,90.80,91.233660323838789741,8461,125,771928.00,6185,73.10,22.00,-17.20
17-November-2020,90.05,98.00,86.20,94.90,94.847408224357964392,12694,94,1203993.00,10831,85.32,11.80,4.85
14-November-2020,90.00,95.90,90.00,93.95,93.679558011049723756,362,13,33912.00,348,96.13,5.90,3.95
13-November-2020,91.10,93.75,85.00,89.95,88.592376507195643718,2571,39,227771.00,1554,60.44,8.75,-1.15
12-November-2020,84.30,93.80,84.30,91.70,91.322314049586776859,726,15,66300.00,422,58.13,9.50,7.40
11-November-2020,97.00,97.00,88.50,89.95,90.339009287925696594,646,21,58359.00,430,66.56,8.50,-7.05
10-November-2020,92.65,92.65,85.00,86.55,86.821511358368103847,2157,30,187274.00,1783,82.66,7.65,-6.10
9-November-2020,91.50,93.80,83.35,89.85,86.487714987714987714,814,26,70401.00,436,53.56,10.45,-1.65
6-November-2020,93.30,93.30,86.25,90.00,89.486956521739130434,345,13,30873.00,233,67.54,7.05,-3.30
5-November-2020,88.00,90.00,86.05,90.00,89.428223844282238442,822,19,73510.00,695,84.55,3.95,2.00
4-November-2020,79.05,90.00,79.05,89.50,88.581602373887240356,337,11,29852.00,221,65.58,10.95,10.45
3-November-2020,90.25,91.00,87.10,89.20,89.943198804185351270,1338,21,120344.00,1221,91.26,3.90,-1.05
2-November-2020,89.00,93.40,82.20,85.95,87.290307971014492753,2208,41,192737.00,1280,57.97,11.20,-3.05
30-October-2020,87.00,95.00,85.15,90.80,90.399484536082474226,5432,45,491050.00,4725,86.98,9.85,3.80
29-October-2020,88.95,89.95,70.00,85.30,71.421488617536969994,65188,87,4655824.00,63782,97.84,19.95,-3.65
28-October-2020,89.00,91.00,85.35,86.85,90.430375306909856190,2851,21,257817.00,2825,99.09,5.65,-2.15
27-October-2020,89.00,92.50,87.95,88.00,88.415981198589894242,851,18,75242.00,843,99.06,4.55,-1.00
26-October-2020,87.10,93.45,87.00,89.15,90.127713920817369093,783,14,70570.00,735,93.87,6.45,2.05
23-October-2020,86.25,94.50,86.00,87.00,86.939893525674051176,5823,34,506251.00,5446,93.53,8.50,0.75
22-October-2020,96.95,96.95,88.50,90.00,90.481632653061224489,245,20,22168.00,173,70.61,8.45,-6.95
21-October-2020,89.65,89.90,89.65,89.80,89.665198237885462555,227,9,20354.00,225,99.12,0.25,0.15
20-October-2020,90.95,90.95,87.00,88.95,88.658641444539982803,1163,22,103110.00,844,72.57,3.95,-2.00
19-October-2020,94.90,94.90,80.00,86.80,88.137720488466757123,1474,26,129915.00,1029,69.81,14.90,-8.10
16-October-2020,95.00,95.00,86.00,86.20,89.431847133757961783,785,29,70204.00,646,82.29,9.00,-8.80
15-October-2020,95.00,95.00,77.30,87.75,89.068801897983392645,4215,40,375425.00,4014,95.23,17.70,-7.25
14-October-2020,95.95,95.95,89.50,89.85,90.000745116823673425,18789,50,1691024.00,18361,97.72,6.45,-6.10
13-October-2020,98.95,98.95,90.10,94.40,91.927857935627081021,901,37,82827.00,653,72.48,8.85,-4.55
12-October-2020,99.60,99.60,90.45,91.65,91.250965250965250965,259,13,23634.00,252,97.30,9.15,-7.95
9-October-2020,89.00,94.70,89.00,91.70,91.176439232409381663,1876,27,171047.00,1421,75.75,5.70,2.70
8-October-2020,90.35,96.40,90.00,90.95,93.077168367346938775,4704,65,437835.00,2505,53.25,6.40,0.60
7-October-2020,95.70,95.75,90.00,92.55,91.304033092037228541,1934,51,176582.00,1464,75.70,5.75,-3.15
6-October-2020,95.85,95.95,90.20,90.80,92.403317328677433435,2291,77,211696.00,1618,70.62,5.75,-5.05
5-October-2020,100.75,100.75,91.15,96.50,95.033852140077821011,2570,36,244237.00,2024,78.75,9.60,-4.25
1-October-2020,101.85,101.85,91.35,92.90,93.584873949579831932,1190,33,111366.00,908,76.30,10.50,-8.95
30-September-2020,95.50,98.10,88.00,93.25,93.143317702227432590,3412,76,317805.00,2252,66.00,10.10,-2.25
29-September-2020,90.40,97.50,90.40,94.40,94.320456540825285338,5695,34,537155.00,5080,89.20,7.10,4.00
28-September-2020,101.80,101.80,95.25,98.45,98.580280011915400655,3357,60,330934.00,1800,53.62,6.55,-3.35
25-September-2020,92.25,96.15,90.00,92.55,93.647317073170731707,2050,31,191977.00,1516,73.95,6.15,0.30
24-September-2020,98.80,98.80,88.00,92.05,92.046114971572962728,3166,67,291418.00,2057,64.97,10.80,-6.75
23-September-2020,95.80,100.00,93.15,95.75,95.395632864544781643,5404,21,515518.00,4421,81.81,6.85,-0.05
22-September-2020,93.50,93.50,91.05,92.25,92.242407809110629067,1844,26,170095.00,1554,84.27,2.45,-1.25
21-September-2020,93.05,99.80,92.50,94.35,94.385006353240152477,3148,52,297124.00,1799,57.15,7.30,1.30
18-September-2020,91.00,96.40,90.15,95.80,93.074654377880184331,3255,38,302958.00,1875,57.60,6.25,4.80
17-September-2020,92.55,96.90,92.00,93.05,93.401496259351620947,3609,49,337086.00,2457,68.08,4.90,0.50
16-September-2020,97.00,97.00,91.50,95.45,93.455852842809364548,2990,51,279433.00,1884,63.01,5.50,-1.55
15-September-2020,91.55,96.00,91.00,96.00,92.195055585788696260,25726,38,2371810.00,24062,93.53,5.00,4.45
14-September-2020,98.95,98.95,90.30,95.00,93.178207381370826010,2845,38,265092.00,1659,58.31,8.65,-3.95
11-September-2020,99.25,99.25,91.00,92.95,92.749490835030549898,2946,43,273240.00,1858,63.07,8.25,-6.30
10-September-2020,91.70,96.85,90.00,93.35,93.104592996816734879,2199,54,204737.00,1367,62.16,6.85,1.65
9-September-2020,99.80,99.80,92.20,93.55,93.695871946082561078,2374,72,222434.00,1527,64.32,7.60,-6.25
8-September-2020,94.10,97.75,93.00,97.70,94.740472744814278822,2073,30,196397.00,1157,55.81,4.75,3.60
7-September-2020,98.95,98.95,94.00,97.80,95.551282051282051282,2106,56,201231.00,1497,71.08,4.95,-1.15
4-September-2020,97.00,98.80,95.00,95.35,95.367036580353473078,2433,58,232028.00,1652,67.90,3.80,-1.65
3-September-2020,96.90,98.80,95.30,97.65,96.508401719421649081,2559,41,246965.00,1353,52.87,3.50,0.75
2-September-2020,101.95,102.00,95.20,96.85,97.805568164623997579,6609,83,646397.00,3038,45.97,6.80,-5.10
1-September-2020,101.65,101.65,95.00,97.00,96.600370599135268684,1619,34,156396.00,1251,77.27,6.65,-4.65
31-August-2020,104.95,104.95,99.00,101.65,101.165618955512572533,4136,52,418421.00,4016,97.10,5.95,-3.30
28-August-2020,100.20,103.00,97.40,100.30,98.707767277023036030,6772,94,668449.00,5045,74.50,5.60,0.10
27-August-2020,105.10,114.95,97.65,100.20,101.661043317613884972,20569,262,2091066.00,14333,69.68,17.30,-4.90
26-August-2020,102.65,111.00,98.15,105.10,102.577716262975778546,7225,102,741124.00,5937,82.17,12.85,2.45
25-August-2020,100.00,106.00,95.05,102.65,102.033227848101265822,3792,62,386910.00,3151,83.10,10.95,2.65
24-August-2020,100.00,100.00,96.15,99.05,97.411499215070643642,5096,76,496409.00,3350,65.74,3.85,-0.95
21-August-2020,100.00,100.00,96.00,98.00,97.701023565817662461,4201,74,410442.00,3053,72.67,4.00,-2.00
20-August-2020,100.00,100.00,95.50,100.00,99.046096654275092936,1345,30,133217.00,1123,83.49,4.50,0.00
19-August-2020,101.75,105.00,96.00,98.75,99.417910447761194029,5427,78,539541.00,4225,77.85,9.00,-3.00
18-August-2020,102.90,104.00,96.40,102.85,99.544594424120095874,7927,104,789090.00,4820,60.80,7.60,-0.05
17-August-2020,101.10,101.10,96.00,98.25,98.671960727692751949,3463,50,341701.00,1939,55.99,5.10,-2.85
14-August-2020,103.15,109.00,97.15,101.95,102.041529728114729608,3347,67,341533.00,2395,71.56,11.85,-1.20
13-August-2020,109.00,109.00,97.05,103.15,100.906179138321995464,3528,64,355997.00,2510,71.15,11.95,-5.85
12-August-2020,96.25,103.95,96.10,100.00,99.184155176443094180,4279,46,424409.00,2923,68.31,7.85,3.75
11-August-2020,102.50,102.50,94.10,98.25,99.822309197651663405,2555,37,255046.00,733,28.69,8.40,-4.25
10-August-2020,100.75,103.95,95.20,100.05,100.866609662248824283,2339,42,235927.00,1266,54.13,8.75,-0.70
7-August-2020,95.00,107.95,94.00,100.70,101.559046815689582454,4742,52,481593.00,3790,79.92,13.95,5.70
6-August-2020,108.00,108.00,102.60,102.60,103.032823573293547183,2681,47,276231.00,2269,84.63,5.40,-5.40
5-August-2020,108.50,110.70,105.60,108.00,107.721583652618135376,1566,20,168692.00,1561,99.68,5.10,-0.50
4-August-2020,109.50,113.70,105.00,105.60,106.852852852852852852,666,37,71164.00,540,81.08,8.70,-3.90
3-August-2020,111.55,111.75,107.75,108.85,111.198588973085968121,3827,10,425557.00,3477,90.85,4.00,-2.70
31-July-2020,110.90,115.00,106.05,111.95,110.683968764354616444,2177,24,240959.00,1465,67.29,8.95,1.05
30-July-2020,109.50,113.30,105.20,110.90,110.647746243739565943,1198,33,132556.00,810,67.61,8.10,1.40
29-July-2020,106.00,110.95,105.25,108.50,107.245742092457420924,411,10,44078.00,310,75.43,5.70,2.50
28-July-2020,113.60,114.30,106.50,106.70,112.136310223266745005,2553,39,286284.00,1592,62.36,7.80,-6.90
27-July-2020,108.00,109.00,104.65,108.90,108.892619575546404814,3157,33,343774.00,2852,90.34,4.35,0.90
24-July-2020,104.00,104.00,100.00,103.95,103.199119911991199119,909,25,93808.00,855,94.06,4.00,-0.05
23-July-2020,104.50,104.50,99.30,99.65,101.376681614349775784,446,11,45214.00,426,95.52,5.20,-4.85
22-July-2020,104.70,104.70,100.50,104.00,103.906367041198501872,267,13,27743.00,180,67.42,4.20,-0.70
21-July-2020,100.50,104.00,98.20,100.00,100.184777405457156534,2089,35,209286.00,1640,78.51,5.80,-0.50
20-July-2020,106.70,106.75,98.05,99.05,100.604726100966702470,6517,51,655641.00,6183,94.87,8.70,-7.65
17-July-2020,101.70,101.90,98.50,101.90,101.313757039420756234,1243,28,125933.00,945,76.03,3.40,0.20
16-July-2020,101.00,103.00,97.00,97.10,100.232876712328767123,146,9,14634.00,144,98.63,6.00,-3.90
15-July-2020,100.00,100.00,99.00,99.00,99.461538461538461538,364,13,36204.00,364,100.00,1.00,-1.00
14-July-2020,103.10,105.00,97.85,98.15,99.414264036418816388,1318,36,131028.00,1037,78.68,7.15,-4.95
13-July-2020,109.90,109.90,102.00,103.00,105.159509202453987730,326,16,34282.00,271,83.13,7.90,-6.90
10-July-2020,99.10,105.05,99.10,105.00,103.029629629629629629,945,25,97363.00,919,97.25,5.95,5.90
9-July-2020,103.95,104.00,100.00,100.05,102.822057460611677479,1079,24,110945.00,1054,97.68,4.00,-3.90
8-July-2020,106.00,107.00,100.70,101.10,101.605282199710564399,8292,72,842511.00,7462,89.99,6.30,-4.90
7-July-2020,108.00,109.40,100.10,106.00,104.057286432160804020,995,40,103537.00,780,78.39,9.30,-2.00
6-July-2020,102.00,107.40,99.05,104.35,102.366992616244262622,5011,77,512961.00,4536,90.52,8.35,2.35
3-July-2020,105.50,105.50,102.60,102.85,103.913580246913580246,1701,60,176757.00,1118,65.73,2.90,-2.65
2-July-2020,112.95,112.95,108.00,108.00,108.160333642261353104,1079,15,116705.00,1017,94.25,4.95,-4.95
1-July-2020,115.90,116.00,107.10,113.05,113.133333333333333333,615,19,69577.00,407,66.18,8.90,-2.85
30-June-2020,107.00,112.35,103.00,112.35,110.332699619771863117,526,18,58035.00,409,77.76,9.35,5.35
29-June-2020,112.00,112.00,107.00,107.00,108.954274353876739562,503,17,54804.00,422,83.90,5.00,-5.00
26-June-2020,109.85,109.95,109.00,109.00,109.142642642642642642,666,8,72689.00,612,91.89,0.95,-0.85
25-June-2020,107.40,111.95,105.00,109.85,108.146987951807228915,415,22,44881.00,403,97.11,6.95,2.45
24-June-2020,111.00,112.85,107.35,107.65,107.745724059293044469,2631,45,283479.00,2148,81.64,5.50,-3.35
23-June-2020,112.95,112.95,112.95,112.95,112.941860465116279069,86,4,9713.00,86,100.00,0.00,0.00
22-June-2020,113.10,113.45,107.50,110.55,110.866028708133971291,836,37,92684.00,639,76.44,5.95,-2.55
19-June-2020,118.90,118.95,112.60,113.10,115.822384428223844282,411,14,47603.00,410,99.76,6.35,-5.80
18-June-2020,112.00,120.00,110.20,115.25,115.053682037164487267,1453,30,167173.00,862,59.33,9.80,3.25
17-June-2020,114.75,120.40,110.00,114.85,116.059322033898305084,472,24,54780.00,181,38.35,10.40,0.10
16-June-2020,117.00,117.00,110.25,114.75,112.986796386379430159,1439,29,162588.00,1294,89.92,6.75,-2.25
15-June-2020,116.10,116.10,115.45,115.45,115.563809523809523809,525,19,60671.00,525,100.00,0.65,-0.65
12-June-2020,122.00,122.00,121.50,121.50,121.505660377358490566,795,26,96597.00,785,98.74,0.50,-0.50
11-June-2020,129.40,129.40,120.50,127.85,122.629120879120879120,364,22,44637.00,301,82.69,8.90,-1.55
10-June-2020,126.00,126.00,123.50,123.50,123.643356643356643356,1001,25,123767.00,972,97.10,2.50,-2.50
9-June-2020,129.95,130.00,127.00,130.00,129.419753086419753086,81,5,10483.00,48,59.26,3.00,0.05
8-June-2020,132.70,132.75,125.00,127.55,126.600719424460431654,1112,25,140780.00,628,56.47,7.75,-5.15
5-June-2020,134.25,134.25,122.65,126.45,124.352517985611510791,278,16,34570.00,236,84.89,11.60,-7.80
4-June-2020,131.00,133.85,129.10,129.10,129.751677852348993288,298,14,38666.00,241,80.87,4.75,-1.90
3-June-2020,147.50,147.50,133.95,135.85,136.919367588932806324,1265,39,173203.00,1028,81.26,13.55,-11.65
2-June-2020,131.85,145.35,131.85,141.00,141.086972443467911745,10923,27,1541093.00,10537,96.47,13.50,9.15
1-June-2020,127.05,138.95,127.05,138.70,132.620967741935483870,124,6,16445.00,70,56.45,11.90,11.65
29-May-2020,127.00,139.45,126.90,132.80,132.360103626943005181,772,53,102182.00,697,90.28,12.55,5.80
28-May-2020,135.00,135.00,128.50,132.85,129.202614379084967320,153,13,19768.00,141,92.16,6.50,-2.15
27-May-2020,130.25,136.70,124.15,135.00,133.669064748201438848,417,38,55740.00,201,48.20,12.55,4.75
26-May-2020,126.95,133.25,126.95,130.25,131.096418732782369146,363,28,47588.00,290,79.89,6.30,3.30
22-May-2020,126.90,126.95,126.80,126.95,126.865671641791044776,737,20,93500.00,695,94.30,0.15,0.05
21-May-2020,121.20,121.25,116.10,120.95,120.957719714964370546,2105,26,254616.00,1325,62.95,5.15,-0.25
20-May-2020,115.45,115.50,115.45,115.50,115.438596491228070175,57,3,6580.00,57,100.00,0.05,0.05
19-May-2020,107.50,118.35,107.40,110.00,111.575980392156862745,408,13,45523.00,301,73.77,10.95,2.50
18-May-2020,116.50,117.20,106.45,112.80,112.671195652173913043,368,23,41463.00,295,80.16,10.75,-3.70
15-May-2020,122.50,122.50,110.95,111.65,114.882117882117882117,1001,28,114997.00,657,65.63,11.55,-10.85
14-May-2020,116.70,116.75,106.35,116.75,116.366666666666666666,210,14,24437.00,146,69.52,10.40,0.05
13-May-2020,108.35,119.00,108.35,111.20,109.425204918032786885,976,32,106799.00,571,58.50,10.65,2.85
12-May-2020,114.05,114.05,114.05,114.05,114.041095890410958904,73,5,8325.00,73,100.00,0.00,0.00
11-May-2020,121.00,121.00,120.05,120.05,120.354430379746835443,158,13,19016.00,158,100.00,0.95,-0.95
8-May-2020,127.00,127.05,126.35,126.35,126.664819944598337950,361,10,45726.00,211,58.45,0.70,-0.65
7-May-2020,132.75,133.00,132.75,133.00,132.981250000000000000,160,3,21277.00,160,100.00,0.25,0.25
6-May-2020,135.40,140.70,133.70,138.90,134.750000000000000000,136,8,18326.00,135,99.26,7.00,3.50
5-May-2020,154.90,155.00,140.70,140.70,148.333811916726489590,1393,45,206629.00,1215,87.22,14.30,-14.20
4-May-2020,149.70,150.00,136.10,148.10,145.797530864197530864,810,33,118096.00,521,64.32,13.90,-1.60
30-April-2020,143.25,143.25,143.00,143.25,143.164062500000000000,1536,25,219900.00,1536,100.00,0.25,0.00
29-April-2020,124.10,136.90,124.10,136.45,135.520383693045563549,417,14,56512.00,367,88.01,12.80,12.35
28-April-2020,118.00,130.40,118.00,130.40,123.304918032786885245,305,17,37608.00,205,67.21,12.40,12.40
27-April-2020,124.20,124.20,124.20,124.20,124.197674418604651162,172,4,21362.00,170,98.84,0.00,0.00
24-April-2020,120.00,124.90,118.25,118.30,119.344139650872817955,401,9,47857.00,386,96.26,6.65,-1.70
23-April-2020,124.90,125.00,119.00,120.25,124.708029197080291970,137,5,17085.00,137,100.00,6.00,-4.65
22-April-2020,118.00,127.50,118.00,124.90,121.292537313432835820,670,17,81266.00,380,56.72,9.50,6.90
21-April-2020,121.90,122.15,112.00,122.10,119.863127131027764247,2053,39,246079.00,1056,51.44,10.15,0.20
20-April-2020,111.30,116.35,111.30,116.35,116.307086614173228346,127,5,14771.00,127,100.00,5.05,5.05
17-April-2020,114.00,114.00,110.00,110.85,113.712146422628951747,601,12,68341.00,601,100.00,4.00,-3.15
16-April-2020,110.00,113.25,110.00,110.00,112.232876712328767123,1825,10,204825.00,1825,100.00,3.25,0.00
15-April-2020,107.90,108.25,100.25,108.25,107.313580246913580246,405,13,43462.00,385,95.06,8.00,0.35
13-April-2020,107.00,113.00,103.10,103.10,105.290732436472346786,1338,25,140879.00,1025,76.61,9.90,-3.90
9-April-2020,100.00,108.50,98.80,108.50,103.826923076923076923,52,10,5399.00,47,90.38,9.70,8.50
8-April-2020,108.00,109.90,99.75,104.00,101.884000000000000000,500,14,50942.00,500,100.00,10.15,-4.00
7-April-2020,105.00,105.00,105.00,105.00,105.000000000000000000,85,3,8925.00,85,100.00,0.00,0.00
3-April-2020,100.00,108.00,100.00,108.00,105.411003236245954692,309,11,32572.00,201,65.05,8.00,8.00
1-April-2020,103.50,103.80,103.50,103.55,103.525423728813559322,59,2,6108.00,59,100.00,0.30,0.05
31-March-2020,90.30,98.90,90.30,98.90,97.923784494086727989,761,7,74520.00,730,95.93,8.60,8.60
30-March-2020,99.45,99.90,95.00,95.00,99.447773874193532266,200101,6,19899599.00,100101,50.03,4.90,-4.45
27-March-2020,90.00,102.55,89.80,99.45,90.638888888888888888,324,5,29367.00,324,100.00,12.75,9.45
26-March-2020,93.50,93.50,93.25,93.25,93.335504885993485342,307,6,28654.00,307,100.00,0.25,-0.25
25-March-2020,78.00,85.00,78.00,85.00,83.644961240310077519,645,8,53951.00,643,99.69,7.00,7.00
24-March-2020,83.00,83.00,74.60,77.75,77.692957746478873239,1065,37,82743.00,705,66.20,8.40,-5.25
23-March-2020,92.30,92.30,87.95,87.95,88.747589020771513353,5392,19,478527.00,5372,99.63,4.35,-4.35
20-March-2020,100.00,110.00,99.00,109.90,106.278270509977827050,902,11,95863.00,821,91.02,11.00,9.90
19-March-2020,95.00,100.00,86.00,100.00,98.596836668818592640,6196,18,610906.00,5678,91.64,14.00,5.00
18-March-2020,100.00,112.80,97.50,99.90,99.712150362586946869,13514,42,1347510.00,13351,98.79,15.30,-0.10
17-March-2020,114.90,114.90,100.00,100.45,105.376419898159028593,2553,15,269026.00,2431,95.22,14.90,-14.45
16-March-2020,105.00,129.00,100.00,105.00,109.314537625589501742,4877,37,533127.00,4543,93.15,29.00,0.00
13-March-2020,102.00,125.00,102.00,115.05,117.506464496040073106,14773,46,1735923.00,13850,93.75,23.00,13.05
12-March-2020,135.00,135.00,125.00,125.00,126.980420201223120931,20276,28,2574655.00,20214,99.69,10.00,-10.00
11-March-2020,143.90,143.90,137.25,137.25,139.148685403445149592,1103,19,153481.00,1103,100.00,6.65,-6.65
9-March-2020,140.65,155.00,132.00,138.55,140.805428436168534006,12674,29,1784568.00,11992,94.62,23.00,-2.10
6-March-2020,157.90,158.40,151.15,155.50,154.059743954480796586,703,13,108304.00,667,94.88,7.25,-2.40
5-March-2020,148.10,160.00,148.10,155.00,149.991757851357112405,7037,26,1055492.00,6083,86.44,11.90,6.90
4-March-2020,155.10,162.00,154.00,156.90,157.011118020615448395,106134,33,16664218.00,106117,99.98,8.00,1.80
3-March-2020,164.00,164.00,157.00,157.00,161.712460063897763578,1252,11,202464.00,1252,100.00,7.00,-7.00
2-March-2020,150.60,165.00,150.60,159.60,163.587102007706347596,4931,34,806648.00,4270,86.60,14.40,9.00
28-February-2020,159.95,160.00,153.00,159.90,158.516067248350712917,4699,40,744867.00,4549,96.81,7.00,-0.05
27-February-2020,160.00,160.00,157.00,157.00,159.419354838709677419,124,2,19768.00,124,100.00,3.00,-3.00
26-February-2020,164.60,164.60,153.00,153.90,154.068376068376068376,117,7,18026.00,116,99.15,11.60,-10.70
24-February-2020,157.00,160.00,148.50,148.50,154.426094420600858369,5825,22,899532.00,5725,98.28,11.50,-8.50
20-February-2020,155.60,162.00,155.50,157.00,157.208707998106956933,2113,6,332182.00,2108,99.76,6.50,1.40
19-February-2020,160.00,161.00,159.70,160.00,160.034351145038167938,1310,11,209645.00,1310,100.00,1.30,0.00
18-February-2020,157.10,157.10,157.10,157.10,157.000000000000000000,5,1,785.00,5,100.00,0.00,0.00
17-February-2020,169.90,169.90,157.00,157.05,158.515217391304347826,460,8,72917.00,460,100.00,12.90,-12.85
14-February-2020,156.00,156.00,156.00,156.00,156.000000000000000000,2500,1,390000.00,2500,100.00,0.00,0.00
13-February-2020,155.00,165.90,154.00,154.00,154.951185495118549511,717,9,111100.00,716,99.86,11.90,-1.00
12-February-2020,161.55,161.55,154.50,155.30,159.496857772877618522,18140,29,2893273.00,17990,99.17,7.05,-6.25
11-February-2020,167.20,167.20,161.40,162.25,164.533914728682170542,2064,19,339598.00,2003,97.04,5.80,-4.95
10-February-2020,166.00,166.50,165.00,165.50,165.799163179916317991,4302,22,713268.00,4302,100.00,1.50,-0.50
7-February-2020,164.00,167.00,162.10,162.35,163.280757097791798107,951,13,155280.00,851,89.48,4.90,-1.65
6-February-2020,170.00,170.00,164.00,164.00,165.966433566433566433,715,20,118666.00,715,100.00,6.00,-6.00
5-February-2020,167.00,170.00,165.00,165.00,166.704761904761904761,1050,7,175040.00,1050,100.00,5.00,-2.00
4-February-2020,165.00,172.80,163.00,167.00,165.844444444444444444,630,10,104482.00,630,100.00,9.80,2.00
3-February-2020,170.00,174.00,163.10,164.85,167.658682634730538922,835,24,139995.00,745,89.22,10.90,-5.15
1-February-2020,170.00,180.00,162.05,169.65,171.601135557132718239,4227,80,725358.00,3074,72.72,17.95,-0.35
31-January-2020,162.00,162.00,162.00,162.00,162.000000000000000000,30,1,4860.00,30,100.00,0.00,0.00
30-January-2020,162.50,162.50,161.40,161.40,161.857142857142857142,35,2,5665.00,35,100.00,1.10,-1.10
28-January-2020,172.00,175.00,165.00,165.00,170.860328638497652582,852,12,145573.00,751,88.15,10.00,-7.00
27-January-2020,161.50,174.90,161.45,166.90,164.441358024691358024,324,9,53279.00,294,90.74,13.45,5.40
24-January-2020,164.00,164.00,162.00,162.00,162.325000000000000000,1600,9,259720.00,1600,100.00,2.00,-2.00
23-January-2020,162.00,162.00,162.00,162.00,162.000000000000000000,10,1,1620.00,10,100.00,0.00,0.00
22-January-2020,164.00,165.00,164.00,164.50,164.500000000000000000,200,3,32900.00,200,100.00,1.00,0.50
21-January-2020,164.00,164.00,164.00,164.00,164.000000000000000000,20,1,3280.00,20,100.00,0.00,0.00
20-January-2020,162.65,165.00,162.00,162.60,164.434158415841584158,2020,12,332157.00,2020,100.00,3.00,-0.05
17-January-2020,164.00,166.00,162.65,162.65,163.484848484848484848,495,8,80925.00,495,100.00,3.35,-1.35
16-January-2020,164.00,165.00,162.70,165.00,164.732323232323232323,198,5,32617.00,198,100.00,2.30,1.00
15-January-2020,163.00,163.15,163.00,163.15,163.142857142857142857,630,6,102780.00,630,100.00,0.15,0.15
14-January-2020,163.05,165.00,162.95,163.00,163.085714285714285714,1155,10,188364.00,1155,100.00,2.05,-0.05
13-January-2020,163.20,165.00,163.05,163.05,163.941379310344827586,580,12,95086.00,580,100.00,1.95,-0.15
10-January-2020,163.45,163.45,163.30,163.45,163.390000000000000000,500,8,81695.00,500,100.00,0.15,0.00
9-January-2020,165.00,165.00,163.50,164.10,164.432330827067669172,1330,13,218695.00,1180,88.72,1.50,-0.90
8-January-2020,167.00,169.00,163.60,165.30,164.716975581053250956,3399,60,559873.00,2883,84.82,5.40,-1.70
7-January-2020,171.90,171.90,167.00,168.65,168.643761301989150090,553,5,93260.00,553,100.00,4.90,-3.25
6-January-2020,167.00,167.00,165.05,167.00,165.809384164222873900,341,8,56541.00,333,97.65,1.95,0.00
3-January-2020,171.00,174.90,171.00,171.00,172.879699248120300751,399,9,68979.00,326,81.70,3.90,0.00
2-January-2020,174.90,174.90,165.00,173.10,172.882575757575757575,264,9,45641.00,256,96.97,9.90,-1.80
1-January-2020,172.00,172.00,172.00,172.00,172.000000000000000000,11,2,1892.00,11,100.00,0.00,0.00
31-December-2019,168.00,175.00,167.00,168.00,174.679574056147144240,1033,14,180444.00,1023,99.03,8.00,0.00
30-December-2019,164.85,174.90,164.85,171.00,171.516129032258064516,62,6,10634.00,62,100.00,10.05,6.15
27-December-2019,158.00,169.50,158.00,169.00,166.718631178707224334,263,16,43847.00,237,90.11,11.50,11.00
26-December-2019,174.00,174.00,169.00,169.00,173.184615384615384615,130,7,22514.00,125,96.15,5.00,-5.00
24-December-2019,174.00,174.00,165.25,170.00,167.214285714285714285,210,14,35115.00,210,100.00,8.75,-4.00
23-December-2019,173.00,173.00,165.00,165.00,166.312934631432545201,719,15,119579.00,719,100.00,8.00,-8.00
20-December-2019,165.25,171.75,165.25,171.25,169.242990654205607476,321,6,54327.00,321,100.00,6.50,6.00
19-December-2019,165.25,174.60,165.25,170.00,165.563245823389021479,419,4,69371.00,410,97.85,9.35,4.75
18-December-2019,165.35,165.35,165.25,165.25,165.256666666666666666,300,2,49577.00,300,100.00,0.10,-0.10
17-December-2019,167.00,174.35,165.25,165.30,167.078867476240760295,15152,17,2531579.00,15001,99.00,9.10,-1.70
16-December-2019,165.50,169.00,165.50,168.15,166.304785894206549118,397,3,66023.00,397,100.00,3.50,2.65
13-December-2019,170.00,170.00,164.90,165.00,164.985294117647058823,68,8,11219.00,68,100.00,5.10,-5.00
12-December-2019,168.00,170.00,167.00,170.00,168.029411764705882352,170,7,28565.00,170,100.00,3.00,2.00
11-December-2019,170.00,170.00,167.00,168.70,168.520270270270270270,148,8,24941.00,148,100.00,3.00,-1.30
10-December-2019,169.95,169.95,169.00,169.00,169.450000000000000000,20,2,3389.00,20,100.00,0.95,-0.95
9-December-2019,170.00,170.00,164.95,165.20,165.522671867381764992,2051,25,339487.00,2001,97.56,5.05,-4.80
6-December-2019,169.95,169.95,165.95,169.00,167.293617021276595744,235,11,39314.00,234,99.57,4.00,-0.95
5-December-2019,167.20,169.95,166.00,166.00,166.489340101522842639,1970,19,327984.00,1960,99.49,3.95,-1.20
4-December-2019,170.00,171.00,166.45,166.70,167.556574923547400611,5559,51,931447.00,5457,98.17,4.55,-3.30
3-December-2019,174.00,175.00,168.00,169.95,169.872386895475819032,6410,57,1088882.00,6351,99.08,7.00,-4.05
2-December-2019,170.70,178.00,169.65,174.35,171.621218763700131521,2281,43,391468.00,1520,66.64,8.35,3.65
29-November-2019,178.70,179.70,178.70,179.70,179.400000000000000000,600,4,107640.00,600,100.00,1.00,1.00
28-November-2019,179.75,179.80,175.20,176.10,177.402677651905252317,971,18,172258.00,821,84.55,4.60,-3.65
27-November-2019,173.10,180.00,173.00,179.90,176.199285714285714285,1400,18,246679.00,1100,78.57,7.00,6.80
26-November-2019,187.00,187.00,174.20,177.25,184.581269209907792442,5531,42,1020919.00,5196,93.94,12.80,-9.75
25-November-2019,161.10,176.50,161.10,176.50,174.038036809815950920,815,14,141841.00,605,74.23,15.40,15.40
22-November-2019,171.00,180.00,170.00,179.80,172.088578088578088578,429,17,73826.00,299,69.70,10.00,8.80
21-November-2019,174.90,175.00,170.00,170.15,170.188095238095238095,3360,13,571832.00,3260,97.02,5.00,-4.75
20-November-2019,170.20,178.95,170.20,170.75,172.491525423728813559,118,7,20354.00,60,50.85,8.75,0.55
19-November-2019,175.50,179.95,171.55,174.80,173.858657243816254416,566,11,98404.00,319,56.36,8.40,-0.70
18-November-2019,169.00,175.00,169.00,175.00,173.798076923076923076,520,10,90375.00,520,100.00,6.00,6.00
15-November-2019,165.00,183.80,165.00,175.00,174.450372208436724565,806,18,140607.00,565,70.10,18.80,10.00
14-November-2019,165.15,182.40,165.00,172.05,172.594392523364485981,535,11,92338.00,361,67.48,17.40,6.90
13-November-2019,189.90,189.90,171.50,175.00,175.049844236760124610,2247,37,393337.00,2126,94.62,18.40,-14.90
11-November-2019,175.10,184.95,175.00,175.50,175.397058823529411764,204,8,35781.00,155,75.98,9.95,0.40
7-November-2019,185.00,185.00,176.15,177.75,179.850987432675044883,557,6,100177.00,529,94.97,8.85,-7.25
6-November-2019,184.00,184.00,175.00,180.00,180.180107526881720430,744,18,134054.00,648,87.10,9.00,-4.00
5-November-2019,183.00,183.00,175.00,182.45,182.485380116959064327,342,5,62410.00,342,100.00,8.00,-0.55
4-November-2019,180.60,185.50,180.00,180.00,180.949494949494949494,396,6,71656.00,368,92.93,5.50,-0.60
1-November-2019,189.95,189.95,180.60,180.60,187.365384615384615384,104,5,19486.00,85,81.73,9.35,-9.35
31-October-2019,186.90,191.00,180.00,188.85,188.630975143403441682,523,13,98654.00,522,99.81,11.00,1.95
30-October-2019,199.80,199.80,175.00,186.95,185.617924528301886792,212,9,39351.00,172,81.13,24.80,-12.85
29-October-2019,177.00,190.00,177.00,180.10,178.925287356321839080,696,19,124532.00,539,77.44,13.00,3.10
27-October-2019,190.00,190.00,175.10,175.10,188.750000000000000000,12,3,2265.00,12,100.00,14.90,-14.90
25-October-2019,180.00,187.00,180.00,186.90,184.106818181818181818,440,15,81007.00,291,66.14,7.00,6.90
24-October-2019,180.00,192.80,180.00,191.00,181.045454545454545454,22,3,3983.00,21,95.45,12.80,11.00
23-October-2019,180.55,194.95,171.30,188.95,180.653120464441219158,689,27,124470.00,650,94.34,23.65,8.40
22-October-2019,185.00,185.00,185.00,185.00,185.000000000000000000,58,1,10730.00,58,100.00,0.00,0.00
18-October-2019,195.00,195.00,185.10,187.00,186.506666666666666666,525,7,97916.00,525,100.00,9.90,-8.00
17-October-2019,188.00,194.00,185.00,187.95,188.108537392455327597,1511,18,284232.00,1505,99.60,9.00,-0.05
16-October-2019,182.00,196.80,182.00,188.00,183.674157303370786516,534,5,98082.00,533,99.81,14.80,6.00
15-October-2019,190.00,190.00,180.00,180.60,185.813402061855670103,1940,18,360478.00,1700,87.63,10.00,-9.40
14-October-2019,192.00,192.00,182.05,185.00,188.460674157303370786,267,7,50319.00,266,99.63,9.95,-7.00
11-October-2019,200.00,200.00,190.00,190.00,191.906862745098039215,1020,16,195745.00,915,89.71,10.00,-10.00
10-October-2019,225.00,225.00,184.50,190.00,191.276657060518731988,694,24,132746.00,480,69.16,40.50,-35.00
9-October-2019,188.00,198.40,187.00,197.80,192.545317220543806646,2648,56,509860.00,2265,85.54,11.40,9.80
7-October-2019,185.00,187.90,184.00,187.70,185.600608828006088280,3285,36,609698.00,3285,100.00,3.90,2.70
4-October-2019,184.90,185.00,175.00,180.00,184.061696658097686375,778,12,143200.00,778,100.00,10.00,-4.90
3-October-2019,180.00,180.00,175.00,175.05,178.975000000000000000,160,9,28636.00,160,100.00,5.00,-4.95
1-October-2019,175.00,184.85,175.00,184.85,176.633333333333333333,60,3,10598.00,60,100.00,9.85,9.85
27-September-2019,182.00,194.00,175.05,189.00,183.431467964314679643,1233,27,226171.00,1081,87.67,18.95,7.00
26-September-2019,189.90,189.90,189.90,189.90,189.900000000000000000,100,1,18990.00,100,100.00,0.00,0.00
25-September-2019,189.90,189.90,182.50,189.90,189.280991735537190082,121,5,22903.00,121,100.00,7.40,0.00
24-September-2019,180.30,189.90,180.30,189.90,185.004424778761061946,226,6,41811.00,126,55.75,9.60,9.60
23-September-2019,180.00,194.90,180.00,193.75,190.046666666666666666,450,7,85521.00,450,100.00,14.90,13.75
20-September-2019,175.00,190.00,175.00,190.00,183.914684167350287120,3657,18,672576.00,3380,92.43,15.00,15.00
19-September-2019,150.30,185.90,150.30,181.30,175.281250000000000000,352,9,61699.00,297,84.38,35.60,31.00
18-September-2019,180.00,184.00,180.00,184.00,181.076923076923076923,247,21,44726.00,217,87.85,4.00,4.00
17-September-2019,180.05,193.00,180.00,185.95,180.939130434782608695,115,8,20808.00,113,98.26,13.00,5.90
16-September-2019,188.00,194.90,178.30,183.05,188.882022471910112359,2314,29,437073.00,1795,77.57,16.60,-4.95
13-September-2019,180.00,180.00,180.00,180.00,180.000000000000000000,3,1,540.00,3,100.00,0.00,0.00
5-September-2019,195.00,195.00,180.00,180.00,186.153543307086614173,254,12,47283.00,200,78.74,15.00,-15.00
4-September-2019,185.00,195.00,185.00,195.00,185.235988200589970501,339,6,62795.00,331,97.64,10.00,10.00
3-September-2019,200.00,203.00,185.00,186.40,193.696540880503144654,1272,17,246382.00,1099,86.40,18.00,-13.60
30-August-2019,195.00,206.90,182.00,200.65,200.112992200875023777,5257,21,1051994.00,5256,99.98,24.90,5.65
29-August-2019,176.95,207.00,173.00,200.50,176.447368421052631578,40090,27,7073775.00,39676,98.97,34.00,23.55
28-August-2019,190.00,190.00,190.00,190.00,190.000000000000000000,457,5,86830.00,457,100.00,0.00,0.00
27-August-2019,186.00,190.00,180.00,180.05,189.255079825834542815,2756,16,521587.00,2636,95.65,10.00,-5.95
26-August-2019,190.00,190.00,177.00,189.45,189.241474654377880184,2170,25,410654.00,2140,98.62,13.00,-0.55
23-August-2019,180.00,190.00,180.00,185.00,185.431635625386177067,11329,15,2100755.00,11329,100.00,10.00,5.00
22-August-2019,178.00,178.00,178.00,178.00,178.000000000000000000,10,1,1780.00,10,100.00,0.00,0.00
21-August-2019,183.50,190.00,183.50,189.00,189.598752598752598752,481,6,91197.00,481,100.00,6.50,5.50
20-August-2019,177.00,177.00,177.00,177.00,177.000000000000000000,100,1,17700.00,100,100.00,0.00,0.00
19-August-2019,175.30,189.95,175.30,182.00,180.041055718475073313,341,8,61394.00,236,69.21,14.65,6.70
16-August-2019,190.00,190.00,190.00,190.00,190.000000000000000000,22,4,4180.00,22,100.00,0.00,0.00
14-August-2019,182.00,182.00,172.05,180.00,177.352071005917159763,338,9,59945.00,238,70.41,9.95,-2.00
13-August-2019,202.00,202.00,173.10,175.70,184.630630630630630630,444,22,81976.00,319,71.85,28.90,-26.30
8-August-2019,181.60,181.60,181.60,181.60,181.600000000000000000,10,1,1816.00,10,100.00,0.00,0.00
7-August-2019,175.00,190.00,172.05,190.00,177.505000000000000000,800,15,142004.00,782,97.75,17.95,15.00
6-August-2019,178.80,189.90,173.50,174.80,187.835526315789473684,304,11,57102.00,302,99.34,16.40,-4.00
5-August-2019,171.05,180.00,171.05,180.00,176.013628620102214650,587,15,103320.00,309,52.64,8.95,8.95
2-August-2019,170.00,189.75,170.00,189.75,188.284232365145228215,964,12,181506.00,912,94.61,19.75,19.75
1-August-2019,178.00,188.70,173.00,178.35,174.894171779141104294,652,28,114031.00,598,91.72,15.70,0.35
31-July-2019,175.50,197.00,175.50,190.45,189.763523956723338485,2588,14,491108.00,2488,96.14,21.50,14.95
30-July-2019,180.00,190.00,175.30,189.30,188.658418829209414604,1657,14,312607.00,1520,91.73,14.70,9.30
29-July-2019,173.00,198.00,170.60,195.00,194.817281728172817281,2222,29,432884.00,2144,96.49,27.40,22.00
26-July-2019,175.00,193.00,173.10,181.00,177.837078651685393258,712,18,126620.00,361,50.70,19.90,6.00
24-July-2019,182.00,195.00,182.00,185.00,189.207048458149779735,227,8,42950.00,217,95.59,13.00,3.00
23-July-2019,197.00,199.90,186.00,186.05,187.031344639612356147,6604,11,1235155.00,6502,98.46,13.90,-10.95
22-July-2019,195.00,195.00,195.00,195.00,195.000000000000000000,2,1,390.00,2,100.00,0.00,0.00
19-July-2019,195.70,195.70,193.90,193.90,194.750000000000000000,4,2,779.00,2,50.00,1.80,-1.80
18-July-2019,188.00,188.00,188.00,188.00,188.000000000000000000,2,1,376.00,2,100.00,0.00,0.00
17-July-2019,184.00,184.00,184.00,184.00,184.000000000000000000,5,1,920.00,5,100.00,0.00,0.00
16-July-2019,194.00,195.00,190.50,190.50,194.556174882424664692,5741,21,1116947.00,5741,100.00,4.50,-3.50
15-July-2019,182.00,195.00,182.00,194.50,193.675934803451581975,5215,15,1010020.00,5165,99.04,13.00,12.50
12-July-2019,181.00,189.90,179.00,188.00,183.308823529411764705,136,9,24930.00,134,98.53,10.90,7.00
10-July-2019,180.00,194.00,175.00,180.00,181.184210526315789473,114,13,20655.00,46,40.35,19.00,0.00
9-July-2019,190.00,190.00,190.00,190.00,190.000000000000000000,2,2,380.00,2,100.00,0.00,0.00
8-July-2019,200.00,200.00,188.00,190.00,190.735562310030395136,658,10,125504.00,658,100.00,12.00,-10.00
5-July-2019,199.00,199.00,195.00,195.00,195.538461538461538461,13,4,2542.00,13,100.00,4.00,-4.00
4-July-2019,200.00,200.00,200.00,200.00,200.000000000000000000,1,1,200.00,1,100.00,0.00,0.00
3-July-2019,195.00,195.00,195.00,195.00,195.000000000000000000,1634,2,318630.00,1634,100.00,0.00,0.00
2-July-2019,204.00,204.00,190.00,190.50,191.159420289855072463,207,5,39570.00,207,100.00,14.00,-13.50
1-July-2019,215.00,234.00,200.00,205.05,212.354443575710190252,7674,108,1629608.00,6584,85.80,34.00,-9.95
28-June-2019,188.00,218.00,185.00,197.40,197.398048642533936651,7072,47,1395999.00,7072,100.00,33.00,9.40
27-June-2019,185.00,186.00,184.85,186.00,185.354838709677419354,279,5,51714.00,279,100.00,1.15,1.00
25-June-2019,185.00,185.00,172.10,185.00,179.571428571428571428,91,5,16341.00,91,100.00,12.90,0.00
24-June-2019,195.00,195.00,176.25,185.00,177.294117647058823529,34,4,6028.00,34,100.00,18.75,-10.00
21-June-2019,185.00,186.00,175.50,186.00,184.539550374687760199,1201,6,221632.00,1100,91.59,10.50,1.00
20-June-2019,185.00,185.00,185.00,185.00,185.000000000000000000,601,6,111185.00,601,100.00,0.00,0.00
19-June-2019,180.00,181.00,180.00,181.00,180.666666666666666666,450,4,81300.00,450,100.00,1.00,1.00
18-June-2019,185.00,190.00,185.00,188.00,188.268072289156626506,664,7,125010.00,664,100.00,5.00,3.00
17-June-2019,192.90,193.00,185.00,185.50,190.123963133640552995,2170,14,412569.00,2120,97.70,8.00,-7.40
14-June-2019,193.00,193.00,193.00,193.00,193.000000000000000000,2,1,386.00,2,100.00,0.00,0.00
13-June-2019,173.30,185.00,173.30,185.00,184.377358490566037735,106,6,19544.00,93,87.74,11.70,11.70
12-June-2019,200.00,200.00,176.50,190.00,184.495145631067961165,309,13,57009.00,179,57.93,23.50,-10.00
11-June-2019,190.00,195.00,190.00,191.10,191.000000000000000000,11,6,2101.00,11,100.00,5.00,1.10
7-June-2019,200.00,200.05,189.80,195.00,199.359255202628696604,913,16,182015.00,907,99.34,10.25,-5.00
6-June-2019,195.10,199.95,195.00,199.95,195.192307692307692307,52,7,10150.00,52,100.00,4.95,4.85
4-June-2019,201.50,201.50,198.00,198.00,198.023333333333333333,300,7,59407.00,300,100.00,3.50,-3.50
3-June-2019,194.00,204.00,191.10,195.00,195.467272727272727272,550,12,107507.00,541,98.36,12.90,1.00
31-May-2019,196.00,204.90,196.00,200.00,200.061043802423112767,2146,18,429331.00,1900,88.54,8.90,4.00
30-May-2019,202.00,204.95,194.50,200.00,201.855877222703258919,79689,23,16085693.00,79594,99.88,10.45,-2.00
29-May-2019,190.30,204.90,190.30,198.80,193.893446105124937241,77679,30,15061449.00,77604,99.90,14.60,8.50
28-May-2019,200.00,200.00,192.00,198.95,197.335688690934663942,59722,22,11785282.00,59722,100.00,8.00,-1.05
27-May-2019,200.00,200.00,195.00,195.10,199.139534883720930232,301,8,59941.00,301,100.00,5.00,-4.90
24-May-2019,199.95,201.00,186.10,197.00,198.922342733188720173,2305,32,458516.00,1906,82.69,14.90,-2.95
23-May-2019,190.00,190.00,190.00,190.00,190.000000000000000000,1115,5,211850.00,1115,100.00,0.00,0.00
22-May-2019,190.00,193.00,181.10,183.00,189.425989847715736040,4925,11,932923.00,4915,99.80,11.90,-7.00
21-May-2019,180.00,202.00,179.90,190.00,193.407371691846137362,9333,52,1805071.00,8904,95.40,22.10,10.00
20-May-2019,194.95,194.95,173.90,180.00,174.564189189189189189,296,9,51671.00,250,84.46,21.05,-14.95
17-May-2019,192.40,192.40,180.00,180.00,187.826839826839826839,693,19,130164.00,380,54.83,12.40,-12.40
16-May-2019,184.00,184.00,184.00,184.00,184.000000000000000000,3026,1,556784.00,3026,100.00,0.00,0.00
15-May-2019,175.10,184.00,175.10,184.00,183.117117117117117117,222,5,40652.00,222,100.00,8.90,8.90
13-May-2019,175.05,197.00,170.00,187.50,183.930730821606899682,11015,78,2025997.00,9865,89.56,27.00,12.45
10-May-2019,178.95,185.00,172.30,181.00,182.064343163538873994,1119,29,203730.00,1114,99.55,12.70,2.05
9-May-2019,170.45,173.85,170.00,173.85,170.174198849630238290,1217,15,207102.00,1217,100.00,3.85,3.40
8-May-2019,173.00,184.95,167.95,170.50,169.017547181720633718,15843,82,2677745.00,15576,98.31,17.00,-2.50
7-May-2019,182.90,190.00,178.00,179.00,186.039156626506024096,996,32,185295.00,851,85.44,12.00,-3.90
6-May-2019,187.95,187.95,176.60,182.90,176.870967741935483870,62,3,10966.00,60,96.77,11.35,-5.05
3-May-2019,181.10,192.00,181.10,190.00,187.225806451612903225,155,5,29020.00,100,64.52,10.90,8.90
2-May-2019,195.00,203.00,180.00,189.95,190.731269113149847094,5232,53,997906.00,3537,67.60,23.00,-5.05
30-April-2019,187.00,197.00,172.00,190.20,183.510863804981452040,3774,52,692570.00,2551,67.59,25.00,3.20
26-April-2019,187.00,190.00,187.00,187.00,188.119003115264797507,1605,8,301931.00,1605,100.00,3.00,0.00
25-April-2019,190.00,194.00,188.00,188.50,188.342771982116244411,671,11,126378.00,571,85.10,6.00,-1.50
24-April-2019,184.00,189.00,183.00,188.75,187.806218365871294287,1383,15,259736.00,1383,100.00,6.00,4.75
23-April-2019,180.00,184.00,180.00,183.05,182.045797684952189229,1987,15,361725.00,1987,100.00,4.00,3.05
22-April-2019,183.00,189.00,176.25,180.90,185.125337655321447866,1851,22,342667.00,1851,100.00,12.75,-2.10
18-April-2019,187.00,187.00,176.10,182.30,181.077464788732394366,142,10,25713.00,114,80.28,10.90,-4.70
16-April-2019,182.00,187.95,174.65,180.05,179.043618739903069466,619,10,110828.00,225,36.35,13.30,-1.95
15-April-2019,176.00,180.00,176.00,179.00,177.571153846153846153,520,11,92337.00,260,50.00,4.00,3.00
12-April-2019,181.00,181.00,180.00,180.00,180.060975609756097560,1640,5,295300.00,1640,100.00,1.00,-1.00
11-April-2019,174.05,189.75,174.05,181.30,183.871396895787139689,451,26,82926.00,389,86.25,15.70,7.25
10-April-2019,180.00,180.00,180.00,180.00,180.000000000000000000,700,3,126000.00,700,100.00,0.00,0.00
9-April-2019,174.00,180.50,174.00,180.00,179.843984962406015037,1064,6,191354.00,1058,99.44,6.50,6.00
8-April-2019,188.95,190.00,180.00,180.75,180.711877394636015325,1305,13,235829.00,1105,84.67,10.00,-8.20
5-April-2019,183.95,183.95,175.60,182.80,182.840639504899432697,1939,15,354528.00,1923,99.17,8.35,-1.15
4-April-2019,179.90,180.00,175.00,175.00,176.911314984709480122,327,5,57850.00,327,100.00,5.00,-4.90
3-April-2019,185.20,185.20,177.00,178.35,179.258236865538735529,1123,10,201307.00,1123,100.00,8.20,-6.85
2-April-2019,171.00,194.60,153.10,181.70,172.992725919409953648,29557,38,5113146.00,29295,99.11,41.50,10.70
1-April-2019,196.85,196.85,170.55,180.20,180.265126250595521676,4198,40,756753.00,3800,90.52,26.30,-16.65
29-March-2019,169.55,189.00,169.55,181.90,180.184037983269274248,4423,39,796954.00,4023,90.96,19.45,12.35
28-March-2019,168.00,170.25,160.00,166.40,164.140890793403454096,7701,32,1264049.00,7450,96.74,10.25,-1.60
27-March-2019,168.00,174.00,166.00,167.25,167.767150395778364116,1516,16,254335.00,1516,100.00,8.00,-0.75
26-March-2019,166.05,175.00,166.05,166.70,168.849557522123893805,452,8,76320.00,449,99.34,8.95,0.65
25-March-2019,157.00,175.00,157.00,166.25,166.056972817546557892,29909,56,4966598.00,29587,98.92,18.00,9.25
20-March-2019,173.95,178.70,165.00,174.00,170.784522003034901365,1977,32,337641.00,1917,96.97,13.70,0.05
19-March-2019,179.00,179.00,151.00,160.50,162.470029726252273836,45078,303,7323824.00,39978,88.69,28.00,-18.50
18-March-2019,169.00,174.00,166.00,170.00,171.246031746031746031,630,22,107885.00,630,100.00,8.00,1.00
15-March-2019,168.00,169.80,160.00,164.15,161.961933011988629341,8091,76,1310434.00,7793,96.32,9.80,-3.85
14-March-2019,173.00,173.00,161.95,171.45,169.683636363636363636,2200,25,373304.00,2100,95.45,11.05,-1.55
13-March-2019,173.00,173.00,173.00,173.00,173.000000000000000000,5,1,865.00,5,100.00,0.00,0.00
12-March-2019,169.90,174.80,169.90,173.00,170.902222222222222222,450,15,76906.00,425,94.44,4.90,3.10
11-March-2019,175.00,175.00,163.00,169.90,169.348951911220715166,811,18,137342.00,711,87.67,12.00,-5.10
8-March-2019,188.00,188.00,166.00,175.00,171.906574394463667820,578,18,99362.00,577,99.83,22.00,-13.00
7-March-2019,170.00,170.00,169.00,169.50,169.834437086092715231,151,6,25645.00,151,100.00,1.00,-0.50
6-March-2019,170.00,173.00,167.50,171.00,168.987368421052631578,950,19,160538.00,950,100.00,5.50,1.00
5-March-2019,174.00,174.00,165.10,165.90,169.118343195266272189,338,19,57162.00,338,100.00,8.90,-8.10
1-March-2019,179.90,179.90,159.20,166.60,160.829041137212020662,26521,51,4265347.00,25282,95.33,20.70,-13.30
28-February-2019,165.00,180.00,165.00,173.55,173.560769230769230769,2600,27,451258.00,2500,96.15,15.00,8.55
27-February-2019,165.00,165.00,159.00,165.00,164.384615384615384615,78,5,12822.00,78,100.00,6.00,0.00
26-February-2019,168.00,170.00,168.00,170.00,169.640000000000000000,100,2,16964.00,100,100.00,2.00,2.00
25-February-2019,165.00,165.00,165.00,165.00,165.000000000000000000,31,2,5115.00,31,100.00,0.00,0.00
22-February-2019,160.00,168.90,160.00,167.90,165.769230769230769230,78,7,12930.00,57,73.08,8.90,7.90
21-February-2019,160.00,163.95,153.00,153.05,153.168245288546040425,10241,10,1568596.00,10241,100.00,10.95,-6.95
20-February-2019,161.50,164.00,145.00,156.65,147.715954077593032462,5052,58,746261.00,4203,83.19,19.00,-4.85
19-February-2019,154.00,162.00,148.00,161.25,150.662549450549450549,22750,30,3427573.00,21966,96.55,14.00,7.25
18-February-2019,140.00,167.00,140.00,155.00,152.693105950653120464,13780,102,2104111.00,12453,90.37,27.00,15.00
15-February-2019,150.20,174.95,150.20,165.00,167.210810810810810810,740,9,123736.00,721,97.43,24.75,14.80
14-February-2019,175.00,180.00,146.05,173.75,172.970998925886143931,931,17,161036.00,651,69.92,33.95,-1.25
13-February-2019,180.00,181.00,162.00,165.85,175.220767888307155322,4584,28,803212.00,2346,51.18,19.00,-14.15
12-February-2019,175.00,175.00,175.00,175.00,175.000000000000000000,5,2,875.00,5,100.00,0.00,0.00
11-February-2019,175.25,189.60,163.00,166.30,169.811643835616438356,876,39,148755.00,670,76.48,26.60,-8.95
8-February-2019,180.50,180.50,177.00,177.00,177.096774193548387096,31,2,5490.00,31,100.00,3.50,-3.50
7-February-2019,171.00,181.80,171.00,174.65,175.413612565445026178,382,8,67008.00,182,47.64,10.80,3.65
6-February-2019,175.20,175.20,172.00,172.00,174.422222222222222222,45,4,7849.00,45,100.00,3.20,-3.20
5-February-2019,172.45,185.00,172.45,178.35,179.674448767833981841,771,21,138529.00,75,9.73,12.55,5.90
4-February-2019,175.00,189.00,175.00,185.80,182.207236842105263157,1520,25,276955.00,1450,95.39,14.00,10.80
1-February-2019,184.85,184.85,175.00,175.00,175.480645161290322580,310,4,54399.00,310,100.00,9.85,-9.85
31-January-2019,179.00,184.85,179.00,184.85,179.560578661844484629,553,2,99297.00,553,100.00,5.85,5.85
30-January-2019,195.00,195.00,175.00,177.40,181.972173913043478260,575,19,104634.00,497,86.43,20.00,-17.60
29-January-2019,180.00,200.00,176.00,177.35,185.613333333333333333,750,15,139210.00,700,93.33,24.00,-2.65
28-January-2019,185.00,189.00,166.60,183.75,177.801960784313725490,2040,30,362716.00,1658,81.27,22.40,-1.25
25-January-2019,185.00,190.95,185.00,185.05,187.400000000000000000,500,3,93700.00,100,20.00,5.95,0.05
24-January-2019,191.00,191.00,185.00,187.50,187.666666666666666666,210,3,39410.00,210,100.00,6.00,-3.50
23-January-2019,184.00,185.00,180.65,185.00,184.796610169491525423,177,8,32709.00,161,90.96,4.35,1.00
22-January-2019,195.00,195.00,174.70,184.80,179.639899808457344924,6787,40,1219216.00,5995,88.33,20.30,-10.20
21-January-2019,183.00,185.00,176.55,181.25,180.236480806948725133,7138,50,1286528.00,2618,36.68,8.45,-1.75
18-January-2019,194.00,194.00,182.00,192.85,188.904285714285714285,700,20,132233.00,648,92.57,12.00,-1.15
17-January-2019,194.00,194.00,185.00,194.00,191.267029972752043596,2202,14,421170.00,600,27.25,9.00,0.00
16-January-2019,186.00,195.00,186.00,193.75,189.791262135922330097,618,11,117291.00,567,91.75,9.00,7.75
15-January-2019,190.00,196.00,190.00,191.00,192.757800891530460624,673,15,129726.00,673,100.00,6.00,1.00
14-January-2019,194.00,196.00,190.00,194.00,193.451476793248945147,237,11,45848.00,237,100.00,6.00,0.00
11-January-2019,190.00,200.00,190.00,193.90,196.819230769230769230,3640,28,716422.00,1277,35.08,10.00,3.90
10-January-2019,180.10,201.00,180.10,195.55,195.013636363636363636,880,39,171612.00,727,82.61,20.90,15.45
9-January-2019,185.00,198.00,185.00,192.00,194.274838709677419354,775,23,150563.00,623,80.39,13.00,7.00
8-January-2019,186.00,200.00,186.00,192.20,195.750375939849624060,665,13,130174.00,657,98.80,14.00,6.20
7-January-2019,185.00,200.00,185.00,197.70,198.515873015873015873,504,18,100052.00,303,60.12,15.00,12.70
4-January-2019,193.00,195.00,190.00,194.75,191.830864197530864197,810,24,155383.00,758,93.58,5.00,1.75
3-January-2019,197.80,199.70,192.50,192.55,194.954459203036053130,527,16,102741.00,426,80.83,7.20,-5.25
2-January-2019,200.00,200.00,195.00,195.00,199.954682779456193353,331,6,66185.00,331,100.00,5.00,-5.00
1-January-2019,198.00,205.00,195.00,197.95,200.296604740550928891,1561,39,312663.00,1101,70.53,10.00,-0.05
31-December-2018,192.00,213.50,192.00,209.30,204.449178501810080757,3591,43,734177.00,3153,87.80,21.50,17.30
28-December-2018,192.00,200.00,192.00,199.75,199.180632067265874166,3449,49,686974.00,2784,80.72,8.00,7.75
27-December-2018,214.00,215.00,195.20,199.20,200.247220829770294577,33913,57,6790984.00,33200,97.90,19.80,-14.80
26-December-2018,201.05,220.00,201.05,211.55,210.388254486133768352,1839,64,386904.00,1182,64.27,18.95,10.50
24-December-2018,202.10,224.70,202.00,215.35,204.591858174655285620,30460,29,6231868.00,20213,66.36,22.70,13.25
21-December-2018,220.00,223.00,211.00,212.75,217.361490683229813664,3220,81,699904.00,2710,84.16,12.00,-7.25
20-December-2018,195.00,210.00,195.00,207.75,205.593804792518994739,1711,34,351771.00,1447,84.57,15.00,12.75
19-December-2018,190.00,218.00,189.00,196.05,207.394050608460498358,5177,82,1073679.00,4397,84.93,29.00,6.05
18-December-2018,183.05,209.00,182.00,201.70,184.678215212027918942,47423,77,8757995.00,42217,89.02,27.00,18.65
17-December-2018,185.00,192.75,178.00,190.00,184.245766590389016018,2185,17,402577.00,1774,81.19,14.75,5.00
14-December-2018,197.95,197.95,184.10,190.30,190.603903559127439724,871,19,166016.00,671,77.04,13.85,-7.65
13-December-2018,176.00,189.00,176.00,182.05,187.212365131015584860,5839,69,1093133.00,5192,88.92,13.00,6.05
12-December-2018,156.20,189.55,156.20,185.80,180.219748074741806459,16751,65,3018861.00,16382,97.80,33.35,29.60
11-December-2018,178.00,184.95,170.00,172.45,176.455992539473261086,31097,32,5487252.00,31028,99.78,14.95,-5.55
10-December-2018,171.00,188.85,171.00,180.00,175.122951622060810149,51077,33,8944755.00,50918,99.69,17.85,9.00
7-December-2018,171.05,200.00,171.05,179.65,179.228586171310629514,1938,61,347345.00,1641,84.67,28.95,8.60
6-December-2018,180.00,190.45,172.45,189.20,185.059421841541755888,3736,33,691382.00,3112,83.30,18.00,9.20
5-December-2018,198.00,199.00,180.10,181.50,186.996312040218171936,51519,44,9633863.00,51367,99.70,18.90,-16.50
4-December-2018,191.55,200.00,185.25,189.55,190.747116786300813758,108386,49,20674317.00,108336,99.95,14.75,-2.00
3-December-2018,201.00,202.40,190.00,195.00,191.213642573784793665,60751,34,11616420.00,60650,99.83,12.40,-6.00
30-November-2018,201.00,201.00,187.00,192.80,188.704081632653061224,2450,23,462325.00,2450,100.00,14.00,-8.20
29-November-2018,195.00,202.00,194.00,194.85,194.959719789842381786,10849,22,2115118.00,10849,100.00,8.00,-0.15
28-November-2018,199.50,202.00,191.00,199.75,198.315028901734104046,1038,16,205851.00,1036,99.81,11.00,0.25
27-November-2018,199.00,202.00,196.70,199.50,199.016559337626494940,1087,15,216331.00,1087,100.00,5.30,0.50
26-November-2018,195.00,205.00,193.00,199.95,196.189754689754689754,2772,18,543838.00,2772,100.00,12.00,4.95
22-November-2018,205.00,205.00,197.00,197.95,198.696428571428571428,336,9,66762.00,336,100.00,8.00,-7.05
21-November-2018,205.00,209.00,198.55,201.50,203.803222094361334867,869,21,177105.00,853,98.16,10.45,-3.50
20-November-2018,200.00,209.00,200.00,209.00,205.035308198683423099,1671,8,342614.00,1671,100.00,9.00,9.00
19-November-2018,215.00,217.00,199.50,204.10,210.469661610268378063,1714,33,360745.00,1417,82.67,17.50,-10.90
16-November-2018,197.00,210.00,197.00,210.00,206.628688152519291874,4406,28,910406.00,4405,99.98,13.00,13.00
15-November-2018,197.05,204.75,189.75,200.00,194.067813765182186234,988,16,191739.00,988,100.00,15.00,2.95
14-November-2018,199.05,207.00,194.10,199.70,199.578039430449069003,3652,22,728859.00,3652,100.00,12.90,0.65
13-November-2018,200.00,209.75,199.30,199.65,200.193548387096774193,31,4,6206.00,31,100.00,10.45,-0.35
12-November-2018,210.00,210.00,209.75,209.75,209.972727272727272727,110,2,23097.00,110,100.00,0.25,-0.25
9-November-2018,216.60,216.60,201.00,208.00,213.358078602620087336,916,29,195436.00,716,78.17,15.60,-8.60
7-November-2018,206.95,207.00,192.10,206.30,205.484434968017057569,2345,27,481861.00,2285,97.44,14.90,-0.65
6-November-2018,193.75,203.70,190.00,197.15,196.616849816849816849,1365,14,268382.00,1365,100.00,13.70,3.40
5-November-2018,194.90,194.90,184.50,194.00,189.848341232227488151,211,8,40058.00,210,99.53,10.40,-0.90
2-November-2018,189.00,198.45,189.00,191.95,196.374260355029585798,1352,31,265498.00,1352,100.00,9.45,2.95
1-November-2018,181.00,190.00,181.00,189.00,188.466666666666666666,15,6,2827.00,11,73.33,9.00,8.00
31-October-2018,180.00,189.90,180.00,189.90,180.028481012658227848,316,4,56889.00,316,100.00,9.90,9.90
30-October-2018,188.00,188.00,178.60,185.00,179.402597402597402597,308,21,55256.00,283,91.88,9.40,-3.00
29-October-2018,178.60,189.75,175.00,188.00,179.517738359201773835,902,12,161925.00,902,100.00,14.75,9.40
26-October-2018,199.00,199.00,181.50,182.75,183.770270270270270270,74,8,13599.00,74,100.00,17.50,-16.25
25-October-2018,184.00,189.75,174.80,189.75,176.580547112462006079,1645,11,290475.00,1645,100.00,14.95,5.75
24-October-2018,182.50,195.90,177.65,184.00,182.992897727272727272,1408,16,257654.00,1408,100.00,18.25,1.50
23-October-2018,185.25,187.00,185.25,187.00,186.478001491424310216,1341,14,250067.00,1341,100.00,1.75,1.75
22-October-2018,195.00,195.00,195.00,195.00,195.000000000000000000,10,1,1950.00,10,100.00,0.00,0.00
19-October-2018,193.85,204.00,193.85,204.00,199.067961165048543689,103,6,20504.00,103,100.00,10.15,10.15
17-October-2018,213.85,213.85,204.00,204.05,208.346987951807228915,415,26,86464.00,415,100.00,9.85,-9.80
16-October-2018,186.50,203.70,184.30,203.70,198.978998155243365971,7047,35,1402205.00,7047,100.00,19.40,17.20
15-October-2018,192.00,194.00,184.30,194.00,187.424040066777963272,599,9,112267.00,599,100.00,9.70,2.00
12-October-2018,192.00,194.00,181.00,194.00,187.970219435736677115,638,12,119925.00,638,100.00,13.00,2.00
11-October-2018,190.05,190.05,190.00,190.00,190.005025125628140703,199,5,37811.00,199,100.00,0.05,-0.05
9-October-2018,197.00,197.00,197.00,197.00,197.000000000000000000,50,1,9850.00,50,100.00,0.00,0.00
8-October-2018,205.00,209.00,200.00,206.95,206.718713450292397660,1710,16,353489.00,1710,100.00,9.00,1.95
5-October-2018,209.00,210.00,208.75,210.00,209.147058823529411764,170,8,35555.00,170,100.00,1.25,1.00
4-October-2018,210.00,215.00,199.35,212.75,207.208729714605484051,1787,24,370282.00,1787,100.00,15.65,2.75
3-October-2018,214.75,214.75,203.25,209.80,207.253456221198156682,434,12,89948.00,434,100.00,11.50,-4.95
1-October-2018,215.50,215.50,200.00,213.90,210.746707978311386522,1291,18,272074.00,1291,100.00,15.50,-1.60
28-September-2018,209.00,215.00,203.25,209.75,207.109515260323159784,1114,24,230720.00,1114,100.00,11.75,0.75
27-September-2018,210.00,215.00,201.40,213.90,207.645862228386500231,2163,26,449138.00,2163,100.00,13.60,3.90
26-September-2018,210.00,218.00,210.00,212.00,211.225577264653641207,563,8,118920.00,563,100.00,8.00,2.00
25-September-2018,198.00,217.00,198.00,213.65,210.879974530404329831,3141,20,662374.00,3141,100.00,19.00,15.65
24-September-2018,204.25,215.00,204.25,206.85,205.734421364985163204,1348,25,277330.00,1348,100.00,10.75,2.60
21-September-2018,220.00,220.00,211.00,215.00,212.581560283687943262,1269,24,269766.00,1269,100.00,9.00,-5.00
19-September-2018,222.90,222.90,208.50,222.00,214.892067620286085825,1538,42,330504.00,1538,100.00,14.40,-0.90
18-September-2018,202.40,223.40,202.40,218.45,216.168483647175421209,2018,42,436228.00,2018,100.00,21.00,16.05
17-September-2018,216.50,219.00,212.90,213.05,214.907822410147991543,2365,32,508257.00,2365,100.00,6.10,-3.45
14-September-2018,238.00,238.00,216.50,224.10,222.892099743649498951,4291,61,956430.00,4291,100.00,21.50,-13.90
12-September-2018,207.00,228.70,207.00,227.75,215.761451247165532879,8820,100,1903016.00,8820,100.00,21.70,20.75
11-September-2018,218.00,218.00,217.85,217.85,217.868243243243243243,3256,26,709379.00,3256,100.00,0.15,-0.15
10-September-2018,230.05,230.05,229.30,229.30,229.389382600561272217,4276,47,980869.00,4276,100.00,0.75,-0.75
7-September-2018,241.55,241.55,235.00,241.35,241.522064945878434637,24020,101,5801360.00,24020,100.00,6.55,-0.20
6-September-2018,208.15,230.05,208.15,230.05,216.613847900113507377,4405,54,954184.00,4405,100.00,21.90,21.90
5-September-2018,219.10,219.10,219.10,219.10,219.099957823703078869,2371,24,519486.00,2371,100.00,0.00,0.00
4-September-2018,230.60,230.60,230.60,230.60,230.600000000000000000,555,14,127983.00,555,100.00,0.00,0.00
3-September-2018,242.70,242.70,242.70,242.70,242.699152542372881355,236,10,57277.00,236,100.00,0.00,0.00
31-August-2018,255.45,255.45,255.45,255.45,255.449799196787148594,249,13,63607.00,249,100.00,0.00,0.00
30-August-2018,268.85,268.85,268.85,268.85,268.850000000000000000,80,7,21508.00,80,100.00,0.00,0.00
29-August-2018,283.00,283.00,283.00,283.00,283.000000000000000000,109,11,30847.00,109,100.00,0.00,0.00
28-August-2018,297.85,297.85,297.85,297.85,297.849749582637729549,599,11,178412.00,599,100.00,0.00,0.00
27-August-2018,313.50,313.50,313.50,313.50,313.500000000000000000,244,8,76494.00,244,100.00,0.00,0.00
24-August-2018,359.90,359.90,330.00,330.00,354.045576962916925626,19308,193,6835912.00,19308,100.00,29.90,-29.90
23-August-2018,347.35,347.35,347.35,347.35,347.349988846754405532,13449,93,4671510.00,13449,100.00,0.00,0.00
21-August-2018,330.85,330.85,330.85,330.85,330.849935791597871950,5451,62,1803463.00,5451,100.00,0.00,0.00
20-August-2018,315.10,315.10,315.10,315.10,315.099801061007957559,3016,19,950341.00,3016,100.00,0.00,0.00
17-August-2018,299.90,300.10,299.90,300.10,300.090228526398739164,5076,61,1523258.00,5076,100.00,0.20,0.20
16-August-2018,286.05,286.05,272.45,285.85,284.212088979327567867,43246,300,12291036.00,39068,90.34,13.60,-0.20
14-August-2018,272.45,272.45,272.45,272.45,272.449865711727842435,2234,8,608653.00,2234,100.00,0.00,0.00
13-August-2018,259.50,259.50,259.00,259.50,259.464862965565706254,8538,22,2215311.00,7038,82.43,0.50,0.00
10-August-2018,247.15,247.15,235.00,247.15,246.338633770678836280,14024,60,3454653.00,10922,77.88,12.15,0.00
9-August-2018,235.40,235.40,235.40,235.40,235.396039603960396039,101,2,23775.00,101,100.00,0.00,0.00
8-August-2018,224.20,224.20,224.20,224.20,224.199004975124378109,201,2,45064.00,201,100.00,0.00,0.00
7-August-2018,213.55,213.55,213.55,213.55,213.549975621647976596,2051,3,437991.00,2051,100.00,0.00,0.00
6-August-2018,203.40,203.40,203.40,203.40,203.399826539462272333,1153,8,234520.00,1153,100.00,0.00,0.00
3-August-2018,199.45,199.45,199.45,199.45,199.449824561403508771,1425,8,284216.00,1425,100.00,0.00,0.00
2-August-2018,194.00,195.55,194.00,195.55,195.371153846153846153,3120,8,609558.00,3120,100.00,1.55,1.55
1-August-2018,186.00,191.75,186.00,191.75,190.962545308095046314,4966,23,948320.00,4966,100.00,5.75,5.75
31-July-2018,190.00,192.65,186.00,188.00,191.718975903614457831,3320,13,636507.00,3319,99.97,6.65,-2.00
30-July-2018,190.00,190.00,188.90,188.90,188.963930348258706467,804,8,151927.00,804,100.00,1.10,-1.10
27-July-2018,189.90,190.00,189.75,190.00,189.888888888888888888,270,4,51270.00,270,100.00,0.25,0.10
25-July-2018,189.90,189.90,189.75,189.75,189.818181818181818181,220,3,41760.00,220,100.00,0.15,-0.15
24-July-2018,189.80,189.80,188.90,188.90,189.342939481268011527,347,6,65702.00,347,100.00,0.90,-0.90
23-July-2018,186.15,186.15,186.15,186.15,186.148514851485148514,303,7,56403.00,303,100.00,0.00,0.00
20-July-2018,189.90,189.90,186.20,189.90,189.121649484536082474,970,15,183448.00,970,100.00,3.70,0.00
19-July-2018,194.40,194.40,190.00,190.00,193.899447513812154696,905,6,175479.00,905,100.00,4.40,-4.40
18-July-2018,194.00,194.00,190.00,193.00,191.775535420098846787,2428,9,465631.00,2428,100.00,4.00,-1.00
17-July-2018,187.05,190.80,187.05,190.80,187.946650124069478908,806,13,151485.00,806,100.00,3.75,3.75
16-July-2018,194.65,198.50,190.80,190.85,197.959695817490494296,2630,32,520634.00,2580,98.10,7.70,-3.80
13-July-2018,193.30,194.65,193.30,194.65,194.635468663338879645,7212,53,1403711.00,7009,97.19,1.35,1.35
12-July-2018,190.85,190.85,190.85,190.85,190.849693251533742331,1304,15,248868.00,1301,99.77,0.00,0.00
11-July-2018,187.15,187.15,187.15,187.15,187.149987645169261181,4047,6,757396.00,4047,100.00,0.00,0.00
10-July-2018,183.50,183.50,183.50,183.50,183.495238095238095238,105,2,19267.00,105,100.00,0.00,0.00
9-July-2018,179.95,179.95,179.95,179.95,179.942857142857142857,105,3,18894.00,105,100.00,0.00,0.00
6-July-2018,174.00,176.45,174.00,176.45,175.796271637816245006,751,10,132023.00,751,100.00,2.45,2.45
5-July-2018,173.00,174.40,173.00,173.00,173.918032786885245901,305,14,53045.00,305,100.00,1.40,0.00
4-July-2018,173.00,175.70,171.00,171.00,172.295693779904306220,1045,18,180049.00,995,95.22,4.70,-2.00
3-July-2018,170.00,172.35,170.00,172.35,170.876555023923444976,1045,8,178566.00,1045,100.00,2.35,2.35
2-July-2018,169.00,172.00,169.00,169.00,169.608996539792387543,1445,18,245085.00,1435,99.31,3.00,0.00
29-June-2018,172.00,173.30,170.00,172.40,172.299284320104098893,1537,12,264824.00,1537,100.00,3.30,0.40
28-June-2018,164.60,171.30,164.60,170.00,170.985843848648573931,578759,18,98959596.00,578759,100.00,6.70,5.40
27-June-2018,165.70,170.80,165.65,167.95,166.975223546944858420,5368,26,896323.00,5318,99.07,5.15,2.25
26-June-2018,166.60,169.00,166.40,169.00,167.944680851063829787,1410,17,236802.00,1407,99.79,2.60,2.40
25-June-2018,163.20,169.80,163.20,169.75,169.037037037037037037,27,5,4564.00,27,100.00,6.60,6.55
22-June-2018,170.70,172.30,170.00,170.00,171.792694063926940639,4380,27,752452.00,3700,84.47,2.30,-0.70
21-June-2018,169.00,169.80,168.10,168.95,168.919230769230769230,1040,11,175676.00,1040,100.00,1.70,-0.05
20-June-2018,169.00,170.00,168.35,170.00,168.953344343517753922,2422,17,409205.00,2422,100.00,1.65,1.00
19-June-2018,172.00,172.00,170.00,171.75,171.617912900575184880,1217,29,208859.00,1217,100.00,2.00,-0.25
18-June-2018,168.90,172.35,166.90,172.00,171.954458293384467881,2086,30,358697.00,2086,100.00,5.45,3.10
15-June-2018,172.90,175.00,169.00,169.00,171.942671009771986970,3070,30,527864.00,3070,100.00,6.00,-3.90
14-June-2018,172.90,173.40,172.00,172.40,172.850781620085267645,2111,14,364888.00,1673,79.25,1.40,-0.50
13-June-2018,173.40,173.40,170.00,170.00,171.993421052631578947,912,9,156858.00,912,100.00,3.40,-3.40
12-June-2018,168.85,172.20,165.50,170.00,169.474739374498797113,1247,32,211335.00,1215,97.43,6.70,1.15
11-June-2018,168.85,168.85,167.00,168.85,168.568961201501877346,3995,23,673433.00,3995,100.00,1.85,0.00
8-June-2018,163.00,166.00,162.10,165.55,165.611302211302211302,4070,27,674038.00,3995,98.16,3.90,2.55
7-June-2018,160.85,166.90,160.85,162.75,161.981976569540402523,3329,38,539238.00,2799,84.08,6.05,1.90
6-June-2018,160.65,166.90,160.65,164.05,162.756250622571969319,10039,49,1633910.00,9978,99.39,6.25,3.40
5-June-2018,163.90,163.90,163.90,163.90,163.898734177215189873,474,12,77688.00,474,100.00,0.00,0.00
4-June-2018,167.15,172.90,167.15,167.20,169.479215686274509803,2550,24,432172.00,2500,98.04,5.75,0.05
1-June-2018,170.00,172.90,166.20,170.55,169.778821024102216629,10331,77,1753985.00,10004,96.83,6.70,0.55
31-May-2018,171.45,171.45,164.75,169.55,168.982696348831100604,30456,161,5146537.00,19153,62.89,6.70,-1.90
30-May-2018,168.10,168.10,168.10,168.10,168.099726775956284153,1464,8,246098.00,1464,100.00,0.00,0.00
29-May-2018,164.85,164.85,164.85,164.85,164.849904397705544933,2092,10,344866.00,2092,100.00,0.00,0.00
28-May-2018,161.65,161.65,161.65,161.65,161.648960739030023094,866,11,139988.00,866,100.00,0.00,0.00
25-May-2018,158.50,158.50,152.30,158.50,157.236905384213277574,28695,91,4511913.00,25372,88.42,6.20,0.00
24-May-2018,155.40,155.40,155.40,155.40,155.399717514124293785,1416,11,220046.00,1416,100.00,0.00,0.00
23-May-2018,152.40,152.40,152.40,152.40,152.399385560675883256,1302,5,198424.00,1302,100.00,0.00,0.00
22-May-2018,149.45,149.45,149.45,149.45,149.449541284403669724,545,7,81450.00,545,100.00,0.00,0.00
21-May-2018,146.55,146.55,146.55,146.55,146.548098434004474272,447,4,65507.00,447,100.00,0.00,0.00
18-May-2018,142.95,143.70,142.95,143.70,143.600000000000000000,750,4,107700.00,750,100.00,0.75,0.75
17-May-2018,136.90,136.90,136.90,136.90,136.899791231732776617,479,6,65575.00,479,100.00,0.00,0.00
16-May-2018,130.40,130.40,130.40,130.40,130.400000000000000000,1010,8,131704.00,1010,100.00,0.00,0.00
15-May-2018,124.20,124.20,124.20,124.20,124.199796126401630988,1962,10,243680.00,1962,100.00,0.00,0.00
14-May-2018,118.30,118.30,118.30,118.30,118.230769230769230769,13,1,1537.00,13,100.00,0.00,0.00
11-May-2018,112.70,112.70,112.70,112.70,112.700000000000000000,50,1,5635.00,50,100.00,0.00,0.00
10-May-2018,107.35,107.35,107.35,107.35,107.350000000000000000,1100,2,118085.00,1100,100.00,0.00,0.00
9-May-2018,99.00,102.25,99.00,102.25,100.300000000000000000,50,2,5015.00,50,100.00,3.25,3.25
8-May-2018,97.40,97.40,97.40,97.40,97.397626112759643916,337,4,32823.00,337,100.00,0.00,0.00
7-May-2018,92.80,92.80,92.80,92.80,92.800000000000000000,50,1,4640.00,50,100.00,0.00,0.00
4-May-2018,88.40,88.40,88.40,88.40,88.333333333333333333,3,1,265.00,3,100.00,0.00,0.00
3-May-2018,84.20,84.20,84.20,84.20,84.197530864197530864,81,1,6820.00,81,100.00,0.00,0.00
2-May-2018,80.20,80.20,80.20,80.20,80.200000000000000000,25,1,2005.00,25,100.00,0.00,0.00
27-April-2018,76.40,76.40,76.40,76.40,76.389830508474576271,59,2,4507.00,59,100.00,0.00,0.00
24-April-2018,76.40,76.40,76.40,76.40,76.400000000000000000,300,1,22920.00,300,100.00,0.00,0.00
6-April-2018,76.40,76.40,76.40,76.40,76.400000000000000000,100,1,7640.00,100,100.00,0.00,0.00
23-March-2018,76.40,76.40,76.40,76.40,76.399869960988296488,1538,2,117503.00,1538,100.00,0.00,0.00
22-March-2018,76.40,76.40,76.40,76.40,76.398009950248756218,402,1,30712.00,402,100.00,0.00,0.00
21-March-2018,76.40,76.40,76.40,76.40,76.400000000000000000,1200,1,91680.00,1200,100.00,0.00,0.00
19-March-2018,76.40,76.40,76.40,76.40,76.333333333333333333,3,1,229.00,3,100.00,0.00,0.00
16-March-2018,76.40,76.40,76.40,76.40,76.400000000000000000,525,1,40110.00,525,100.00,0.00,0.00
14-March-2018,76.40,76.40,76.40,76.40,76.400000000000000000,1000,2,76400.00,1000,100.00,0.00,0.00
12-March-2018,76.40,76.40,76.40,76.40,76.399600399600399600,1001,2,76476.00,1001,100.00,0.00,0.00
9-March-2018,76.40,76.40,76.40,76.40,76.399038461538461538,208,1,15891.00,208,100.00,0.00,0.00
7-March-2018,76.40,76.40,76.40,76.40,76.396039603960396039,202,3,15432.00,202,100.00,0.00,0.00
1-March-2018,76.40,76.40,76.40,76.40,76.400000000000000000,200,1,15280.00,200,100.00,0.00,0.00
26-February-2018,76.40,76.40,76.40,76.40,76.400000000000000000,125,2,9550.00,125,100.00,0.00,0.00
23-February-2018,76.40,76.40,76.40,76.40,76.392156862745098039,102,2,7792.00,102,100.00,0.00,0.00
22-February-2018,76.40,76.40,76.40,76.40,76.400000000000000000,50,1,3820.00,50,100.00,0.00,0.00
21-February-2018,76.40,76.40,76.40,76.40,76.333333333333333333,3,1,229.00,3,100.00,0.00,0.00
20-February-2018,76.40,76.40,76.40,76.40,76.333333333333333333,3,1,229.00,3,100.00,0.00,0.00
19-February-2018,76.40,76.40,76.40,76.40,76.400000000000000000,850,3,64940.00,850,100.00,0.00,0.00
12-February-2018,76.40,76.40,76.40,76.40,76.400000000000000000,600,1,45840.00,600,100.00,0.00,0.00
9-February-2018,76.40,76.40,76.40,76.40,76.400000000000000000,1000,1,76400.00,1000,100.00,0.00,0.00
7-February-2018,76.40,76.40,76.40,76.40,76.400000000000000000,450,3,34380.00,450,100.00,0.00,0.00
5-February-2018,76.40,76.40,76.40,76.40,76.400000000000000000,200,2,15280.00,200,100.00,0.00,0.00
25-January-2018,76.40,76.40,76.40,76.40,76.400000000000000000,50,1,3820.00,50,100.00,0.00,0.00
22-January-2018,76.40,76.40,76.40,76.40,76.400000000000000000,300,2,22920.00,300,100.00,0.00,0.00
18-January-2018,76.40,76.40,76.40,76.40,76.397111913357400722,277,1,21162.00,277,100.00,0.00,0.00
17-January-2018,76.40,76.40,76.40,76.40,76.400000000000000000,100,1,7640.00,100,100.00,0.00,0.00
16-January-2018,76.40,76.40,76.40,76.40,76.400000000000000000,50,1,3820.00,50,100.00,0.00,0.00
12-January-2018,76.40,76.40,76.40,76.40,76.400000000000000000,100,1,7640.00,100,100.00,0.00,0.00
11-January-2018,76.40,76.40,76.40,76.40,76.400000000000000000,30,1,2292.00,30,100.00,0.00,0.00
10-January-2018,76.40,76.40,76.40,76.40,76.400000000000000000,525,5,40110.00,525,100.00,0.00,0.00
9-January-2018,73.10,73.10,73.10,73.10,73.080000000000000000,25,1,1827.00,25,100.00,0.00,0.00
8-January-2018,69.65,69.65,69.65,69.65,69.640000000000000000,25,1,1741.00,25,100.00,0.00,0.00
5-January-2018,66.35,66.35,66.35,66.35,66.344000000000000000,125,2,8293.00,125,100.00,0.00,0.00
4-January-2018,63.20,63.20,63.20,63.20,63.200000000000000000,50,1,3160.00,50,100.00,0.00,0.00
3-January-2018,60.20,60.20,60.20,60.20,60.200000000000000000,80,3,4816.00,80,100.00,0.00,0.00
2-January-2018,57.35,57.35,57.35,57.35,57.340000000000000000,50,1,2867.00,50,100.00,0.00,0.00
1-January-2018,54.65,54.65,54.65,54.65,54.649038461538461538,208,2,11367.00,208,100.00,0.00,0.00
29-December-2017,52.05,52.05,52.05,52.05,52.049555273189326556,787,2,40963.00,787,100.00,0.00,0.00
27-December-2017,52.05,52.05,52.05,52.05,52.049999036299753859,882017,74,45908984.00,882017,100.00,0.00,0.00
26-December-2017,52.05,52.05,52.05,52.05,52.000000000000000000,8,1,416.00,8,100.00,0.00,0.00
22-December-2017,52.05,52.05,52.05,52.05,52.048289738430583501,497,2,25868.00,497,100.00,0.00,0.00
21-December-2017,52.05,52.05,52.00,52.00,52.048021108179419525,7580,17,394524.00,6380,84.17,0.05,-0.05
20-December-2017,52.05,52.05,52.05,52.05,52.000000000000000000,1,1,52.00,1,100.00,0.00,0.00
19-December-2017,50.00,52.05,50.00,52.05,50.980707395498392282,622,8,31710.00,522,83.92,2.05,2.05
18-December-2017,52.05,52.05,49.45,50.05,51.434854315557998900,3638,18,187120.00,3538,97.25,2.60,-2.00
15-December-2017,52.05,52.05,52.05,52.05,52.049783549783549783,1386,7,72141.00,1386,100.00,0.00,0.00
14-December-2017,52.05,52.05,52.05,52.05,52.049972840847365562,1841,8,95824.00,1841,100.00,0.00,0.00
13-December-2017,50.40,50.40,50.40,50.40,50.400000000000000000,610,2,30744.00,610,100.00,0.00,0.00
12-December-2017,48.00,48.00,48.00,48.00,48.000000000000000000,1600,6,76800.00,1600,100.00,0.00,0.00
11-December-2017,45.75,45.75,45.75,45.75,45.749727965179542981,919,3,42044.00,919,100.00,0.00,0.00
8-December-2017,48.10,48.10,43.60,43.60,45.739721485411140583,3016,27,137951.00,2645,87.70,4.50,-4.50
7-December-2017,49.90,49.95,45.60,45.85,49.791810048176187198,2906,19,144695.00,2606,89.68,4.35,-4.05
6-December-2017,47.45,47.60,46.50,47.60,47.480549199084668192,2185,15,103745.00,1835,83.98,1.10,0.15
5-December-2017,43.20,45.35,43.00,45.35,45.117239101717305151,3028,11,136615.00,3027,99.97,2.35,2.15
4-December-2017,43.20,43.20,43.20,43.20,43.199714693295292439,2103,16,90849.00,2100,99.86,0.00,0.00
1-December-2017,39.20,41.15,39.20,41.15,40.901587301587301587,315,3,12884.00,315,100.00,1.95,1.95
30-November-2017,39.20,39.20,39.20,39.20,39.200000000000000000,625,3,24500.00,625,100.00,0.00,0.00
29-November-2017,37.35,37.35,37.35,37.35,37.349693251533742331,1304,2,48704.00,1304,100.00,0.00,0.00
28-November-2017,37.50,37.50,35.60,35.60,37.421370967741935483,2480,14,92805.00,2480,100.00,1.90,-1.90
27-November-2017,35.70,35.75,35.70,35.75,35.707438016528925619,605,5,21603.00,605,100.00,0.05,0.05
24-November-2017,34.05,34.05,34.05,34.05,34.050000000000000000,100,1,3405.00,100,100.00,0.00,0.00
23-November-2017,35.75,35.75,33.00,35.75,35.248175182481751824,274,4,9658.00,274,100.00,2.75,0.00
22-November-2017,34.00,34.05,34.00,34.05,34.000000000000000000,59,2,2006.00,59,100.00,0.05,0.05
21-November-2017,36.80,36.80,34.60,35.70,36.066666666666666666,300,3,10820.00,200,66.67,2.20,-1.10
20-November-2017,38.55,38.55,34.95,35.05,38.102848101265822784,1896,10,72243.00,1791,94.46,3.60,-3.50
17-November-2017,36.75,36.75,36.75,36.75,36.748582230623818525,529,4,19440.00,529,100.00,0.00,0.00
16-November-2017,35.00,35.00,34.90,35.00,34.992813588850174216,4592,17,160687.00,4326,94.21,0.10,0.00
15-November-2017,33.35,33.35,33.35,33.35,33.350000000000000000,1100,3,36685.00,1100,100.00,0.00,0.00
14-November-2017,31.80,31.80,31.80,31.80,31.799849934346276495,5331,19,169525.00,5331,100.00,0.00,0.00
13-November-2017,30.30,30.30,30.30,30.30,30.299933642999336429,3014,8,91324.00,3014,100.00,0.00,0.00
10-November-2017,28.90,28.90,28.90,28.90,28.899778106508875739,2704,8,78145.00,2704,100.00,0.00,0.00
9-November-2017,27.55,27.55,27.55,27.55,27.518518518518518518,27,2,743.00,27,100.00,0.00,0.00
8-November-2017,26.10,26.25,26.10,26.25,26.245967741935483870,248,4,6509.00,248,100.00,0.15,0.15
2-November-2017,25.00,25.00,25.00,25.00,25.000000000000000000,400,1,10000.00,400,100.00,0.00,0.00
25-October-2017,24.90,27.50,24.90,26.00,25.225259189443920829,1061,6,26764.00,1061,100.00,2.60,1.10
24-October-2017,26.20,26.20,26.20,26.20,26.000000000000000000,2,1,52.00,2,100.00,0.00,0.00
23-October-2017,27.60,27.60,27.50,27.50,27.571428571428571428,700,3,19300.00,700,100.00,0.10,-0.10
18-October-2017,28.90,28.90,28.90,28.90,28.900000000000000000,1000,4,28900.00,1000,100.00,0.00,0.00
17-October-2017,30.40,30.40,30.40,30.40,30.400000000000000000,50,1,1520.00,50,100.00,0.00,0.00
9-October-2017,31.95,31.95,31.95,31.95,31.500000000000000000,2,1,63.00,2,100.00,0.00,0.00
28-September-2017,30.45,30.45,30.45,30.45,30.450000000000000000,300,1,9135.00,300,100.00,0.00,0.00
26-September-2017,29.00,29.00,29.00,29.00,29.000000000000000000,100,1,2900.00,100,100.00,0.00,0.00
18-September-2017,28.85,28.85,28.85,28.85,28.000000000000000000,1,1,28.00,1,100.00,0.00,0.00
11-September-2017,29.00,29.00,28.50,28.85,28.833333333333333333,300,2,8650.00,300,100.00,0.50,-0.15
6-September-2017,30.00,30.00,30.00,30.00,30.000000000000000000,100,1,3000.00,100,100.00,0.00,0.00
1-September-2017,28.80,28.80,28.80,28.80,28.000000000000000000,1,1,28.00,1,100.00,0.00,0.00
29-August-2017,27.45,27.45,27.45,27.45,27.450000000000000000,200,3,5490.00,200,100.00,0.00,0.00
28-August-2017,26.15,26.15,26.15,26.15,26.150000000000000000,200,2,5230.00,200,100.00,0.00,0.00
21-August-2017,24.95,24.95,24.95,24.95,24.946666666666666666,150,2,3742.00,150,100.00,0.00,0.00
14-August-2017,23.80,23.80,23.80,23.80,23.750000000000000000,4,1,95.00,4,100.00,0.00,0.00
11-August-2017,24.75,24.85,24.75,24.85,24.825000000000000000,400,3,9930.00,400,100.00,0.10,0.10
10-August-2017,25.90,26.05,25.90,26.05,25.950000000000000000,900,6,23355.00,900,100.00,0.15,0.15
9-August-2017,27.25,27.25,27.25,27.25,27.250000000000000000,400,3,10900.00,400,100.00,0.00,0.00
8-August-2017,27.00,28.65,27.00,28.65,27.234285714285714285,350,2,9532.00,350,100.00,1.65,1.65
4-August-2017,27.60,27.60,27.30,27.30,27.326530612244897959,49,2,1339.00,49,100.00,0.30,-0.30
2-August-2017,27.60,27.60,27.60,27.60,27.600000000000000000,100,1,2760.00,100,100.00,0.00,0.00
1-August-2017,28.00,29.90,28.00,28.95,28.500000000000000000,2,2,57.00,2,100.00,1.90,0.95
31-July-2017,27.15,28.50,27.15,28.50,27.272727272727272727,55,2,1500.00,55,100.00,1.35,1.35
28-July-2017,28.30,28.35,28.25,28.35,28.327857142857142857,1400,6,39659.00,1400,100.00,0.10,0.05
27-July-2017,27.00,27.00,27.00,27.00,27.000000000000000000,511,1,13797.00,511,100.00,0.00,0.00
17-July-2017,26.65,26.65,26.65,26.65,26.649706457925636007,511,1,13618.00,511,100.00,0.00,0.00
7-July-2017,29.00,29.00,28.05,28.05,28.808000000000000000,125,2,3601.00,125,100.00,0.95,-0.95
5-July-2017,28.50,28.50,28.50,28.50,28.500000000000000000,500,1,14250.00,500,100.00,0.00,0.00
30-June-2017,27.95,30.85,27.95,28.00,29.866666666666666666,15,3,448.00,15,100.00,2.90,0.05
27-June-2017,29.40,29.40,29.40,29.40,29.333333333333333333,9,1,264.00,9,100.00,0.00,0.00
23-June-2017,30.90,30.90,30.90,30.90,30.900000000000000000,250,2,7725.00,250,100.00,0.00,0.00
21-June-2017,32.30,32.50,30.65,32.50,31.491803278688524590,610,6,19210.00,610,100.00,1.85,0.20
16-June-2017,29.50,32.50,29.50,32.25,32.181818181818181818,11,2,354.00,11,100.00,3.00,2.75
15-June-2017,33.50,33.50,30.45,31.00,31.461904761904761904,210,7,6607.00,160,76.19,3.05,-2.50
14-June-2017,31.95,31.95,29.45,31.95,31.168750000000000000,320,5,9974.00,320,100.00,2.50,0.00
13-June-2017,30.60,32.10,30.60,30.60,30.942857142857142857,70,5,2166.00,70,100.00,1.50,0.00
12-June-2017,31.10,31.10,28.25,30.60,30.609294320137693631,1162,14,35568.00,1111,95.61,2.85,-0.50
9-June-2017,29.65,29.65,29.65,29.65,29.000000000000000000,1,1,29.00,1,100.00,0.00,0.00
8-June-2017,28.25,28.25,28.25,28.25,28.000000000000000000,1,1,28.00,1,100.00,0.00,0.00
6-June-2017,26.95,26.95,26.95,26.95,26.950000000000000000,440,4,11858.00,440,100.00,0.00,0.00
5-June-2017,25.70,25.70,25.70,25.70,25.700000000000000000,100,1,2570.00,100,100.00,0.00,0.00
26-May-2017,24.50,24.50,24.50,24.50,24.500000000000000000,50,1,1225.00,50,100.00,0.00,0.00
24-May-2017,24.85,25.00,24.85,24.85,24.877142857142857142,1050,6,26121.00,1050,100.00,0.15,0.00
18-May-2017,26.10,28.75,26.10,26.15,27.369377990430622009,1045,6,28601.00,1045,100.00,2.65,0.05
16-May-2017,27.50,27.50,27.40,27.40,27.401840490797546012,326,3,8933.00,326,100.00,0.10,-0.10
15-May-2017,28.80,28.80,28.80,28.80,28.800000000000000000,10,1,288.00,10,100.00,0.00,0.00
11-May-2017,30.30,30.30,30.30,30.30,30.299242424242424242,264,2,7999.00,264,100.00,0.00,0.00
10-May-2017,31.85,31.85,31.85,31.85,31.000000000000000000,1,1,31.00,1,100.00,0.00,0.00
9-May-2017,32.45,32.45,32.45,32.45,32.000000000000000000,1,1,32.00,1,100.00,0.00,0.00
5-May-2017,30.00,32.00,30.00,31.50,30.918333333333333333,3000,8,92755.00,3000,100.00,2.00,1.50
2-May-2017,30.75,30.75,30.75,30.75,30.740000000000000000,50,1,1537.00,50,100.00,0.00,0.00
28-April-2017,31.70,31.70,29.00,29.30,29.274296094459582198,1101,5,32231.00,1101,100.00,2.70,-2.40
27-April-2017,30.25,30.25,30.25,30.25,30.250000000000000000,2000,14,60500.00,2000,100.00,0.00,0.00
26-April-2017,28.85,28.85,28.85,28.85,28.850000000000000000,1700,8,49045.00,1700,100.00,0.00,0.00
25-April-2017,30.85,30.85,27.95,30.35,29.676333333333333333,3000,20,89029.00,2603,86.77,2.90,-0.50
24-April-2017,29.40,29.40,29.40,29.40,29.400000000000000000,100,1,2940.00,100,100.00,0.00,0.00
18-April-2017,28.00,28.00,28.00,28.00,28.000000000000000000,230,1,6440.00,230,100.00,0.00,0.00
6-April-2017,25.00,27.45,24.90,27.45,25.288492706645056726,1234,5,31206.00,1054,85.41,2.55,2.45
31-March-2017,26.15,26.15,26.15,26.15,26.140000000000000000,50,1,1307.00,50,100.00,0.00,0.00
29-March-2017,27.50,27.50,27.50,27.50,27.500000000000000000,70,1,1925.00,70,100.00,0.00,0.00
20-March-2017,28.90,28.90,28.90,28.90,28.800000000000000000,5,1,144.00,5,100.00,0.00,0.00
17-March-2017,27.50,27.55,27.50,27.55,27.525000000000000000,200,2,5505.00,200,100.00,0.05,0.05
16-March-2017,26.25,26.25,26.25,26.25,26.250000000000000000,100,1,2625.00,100,100.00,0.00,0.00
8-March-2017,25.00,25.00,25.00,25.00,25.000000000000000000,85,1,2125.00,85,100.00,0.00,0.00
7-March-2017,25.35,25.35,25.35,25.35,25.000000000000000000,2,1,50.00,2,100.00,0.00,0.00
27-February-2017,26.65,26.65,26.50,26.65,26.644137931034482758,725,6,19317.00,725,100.00,0.15,0.00
23-February-2017,25.55,25.60,25.55,25.60,25.593055555555555555,3600,7,92135.00,3600,100.00,0.05,0.05
21-February-2017,24.40,24.40,24.40,24.40,24.400000000000000000,3100,12,75640.00,3100,100.00,0.00,0.00
17-February-2017,23.25,23.25,23.25,23.25,23.250000000000000000,100,1,2325.00,100,100.00,0.00,0.00
16-February-2017,22.15,22.15,22.15,22.15,22.150000000000000000,100,1,2215.00,100,100.00,0.00,0.00
10-February-2017,21.10,21.10,21.05,21.10,21.094545454545454545,550,3,11602.00,550,100.00,0.05,0.00
30-January-2017,20.10,20.10,20.10,20.10,20.100000000000000000,200,1,4020.00,200,100.00,0.00,0.00
20-January-2017,21.10,21.10,21.10,21.10,21.080000000000000000,25,1,527.00,25,100.00,0.00,0.00
19-January-2017,22.05,22.05,22.05,22.05,22.040000000000000000,50,1,1102.00,50,100.00,0.00,0.00
12-January-2017,21.00,21.00,21.00,21.00,21.000000000000000000,25,1,525.00,25,100.00,0.00,0.00
4-January-2017,20.85,20.85,20.85,20.85,20.850000000000000000,500,2,10425.00,500,100.00,0.00,0.00
3-January-2017,22.00,22.00,21.90,21.90,21.910000000000000000,100,2,2191.00,100,100.00,0.10,-0.10
30-December-2016,23.00,23.00,22.90,22.90,22.900000000000000000,100,2,2290.00,100,100.00,0.10,-0.10
28-December-2016,23.95,23.95,23.95,23.95,23.920000000000000000,25,2,598.00,25,100.00,0.00,0.00
27-December-2016,25.20,25.20,25.20,25.20,25.195266272189349112,169,3,4258.00,169,100.00,0.00,0.00
26-December-2016,26.50,26.50,26.50,26.50,26.500000000000000000,808,5,21412.00,808,100.00,0.00,0.00
23-December-2016,27.85,27.85,27.85,27.85,27.714285714285714285,7,1,194.00,7,100.00,0.00,0.00
22-December-2016,29.30,29.30,29.30,29.30,29.166666666666666666,6,1,175.00,6,100.00,0.00,0.00
20-December-2016,33.90,33.90,30.80,30.80,33.861386138613861386,101,2,3420.00,101,100.00,3.10,-3.10
19-December-2016,35.35,35.80,32.40,32.40,34.676638176638176638,702,7,24343.00,702,100.00,3.40,-2.95
16-December-2016,33.00,34.70,33.00,34.10,34.116666666666666666,300,4,10235.00,300,100.00,1.70,1.10
15-December-2016,33.05,33.05,33.05,33.05,33.000000000000000000,10,1,330.00,10,100.00,0.00,0.00
14-December-2016,31.50,31.50,31.50,31.50,31.497560975609756097,205,2,6457.00,205,100.00,0.00,0.00
13-December-2016,33.05,33.05,33.05,33.05,33.050000000000000000,300,2,9915.00,300,100.00,0.00,0.00
12-December-2016,33.05,33.05,33.05,33.05,33.050000000000000000,100,3,3305.00,100,100.00,0.00,0.00
6-December-2016,31.50,31.50,31.40,31.50,31.490909090909090909,110,2,3464.00,110,100.00,0.10,0.00
1-December-2016,30.00,32.20,30.00,30.00,30.019801980198019801,101,2,3032.00,101,100.00,2.20,0.00
30-November-2016,27.80,30.70,27.80,30.70,28.258333333333333333,120,3,3391.00,120,100.00,2.90,2.90
11-November-2016,29.25,29.25,29.25,29.25,29.248587570621468926,177,2,5177.00,177,100.00,0.00,0.00
10-November-2016,29.25,29.25,29.25,29.25,29.250000000000000000,100,1,2925.00,100,100.00,0.00,0.00
9-November-2016,28.15,28.15,28.15,28.15,28.148648648648648648,296,4,8332.00,296,100.00,0.00,0.00
8-November-2016,26.85,26.85,26.85,26.85,26.850000000000000000,100,1,2685.00,100,100.00,0.00,0.00
7-November-2016,25.60,25.60,25.60,25.60,25.600000000000000000,300,3,7680.00,300,100.00,0.00,0.00
4-November-2016,24.40,24.40,24.40,24.40,24.399999777258790760,897903,5,21908833.00,897903,100.00,0.00,0.00
3-November-2016,23.25,23.25,23.25,23.25,23.250000000000000000,200,1,4650.00,200,100.00,0.00,0.00
2-November-2016,24.40,24.40,22.10,24.40,24.245333333333333333,375,5,9092.00,325,86.67,2.30,0.00
1-November-2016,25.50,25.50,23.25,23.25,25.048000000000000000,125,2,3131.00,100,80.00,2.25,-2.25
26-October-2016,24.30,24.30,24.30,24.30,24.300000000000000000,1250,4,30375.00,1250,100.00,0.00,0.00
25-October-2016,23.15,23.15,23.15,23.15,23.150000000000000000,200,1,4630.00,200,100.00,0.00,0.00
24-October-2016,22.05,22.05,22.05,22.05,22.050000000000000000,100,1,2205.00,100,100.00,0.00,0.00
14-October-2016,21.00,21.00,21.00,21.00,21.000000000000000000,277,1,5817.00,277,100.00,0.00,0.00
6-October-2016,21.00,21.00,21.00,21.00,21.000000000000000000,278,1,5838.00,278,100.00,0.00,0.00
30-September-2016,21.20,21.20,21.20,21.20,21.200000000000000000,105,1,2226.00,105,100.00,0.00,0.00
27-September-2016,21.40,21.40,21.30,21.30,21.348993288590604026,596,7,12724.00,596,100.00,0.10,-0.10
21-September-2016,22.40,22.40,22.40,22.40,22.400000000000000000,100,1,2240.00,100,100.00,0.00,0.00
20-September-2016,23.00,23.05,23.00,23.00,23.001776198934280639,563,7,12950.00,563,100.00,0.05,0.00
16-September-2016,23.85,23.85,23.85,23.85,23.840000000000000000,50,1,1192.00,50,100.00,0.00,0.00
15-September-2016,25.00,25.00,25.00,25.00,25.000000000000000000,50,1,1250.00,50,100.00,0.00,0.00
14-September-2016,26.30,26.30,26.30,26.30,26.300000000000000000,50,2,1315.00,50,100.00,0.00,0.00
6-September-2016,27.65,27.65,27.65,27.65,27.640000000000000000,25,1,691.00,25,100.00,0.00,0.00
1-September-2016,29.10,29.10,29.10,29.10,29.100000000000000000,300,1,8730.00,300,100.00,0.00,0.00
22-August-2016,29.70,29.70,29.70,29.70,29.700000000000000000,200,1,5940.00,200,100.00,0.00,0.00
17-August-2016,32.00,32.00,29.70,29.70,30.750000000000000000,4,2,123.00,2,50.00,2.30,-2.30
12-August-2016,31.25,31.25,31.25,31.25,31.000000000000000000,1,1,31.00,1,100.00,0.00,0.00
11-August-2016,32.85,32.85,32.85,32.85,32.850000000000000000,20,2,657.00,10,50.00,0.00,0.00
9-August-2016,31.30,31.30,31.30,31.30,31.272727272727272727,11,2,344.00,11,100.00,0.00,0.00
8-August-2016,29.85,29.85,29.85,29.85,29.850000000000000000,200,2,5970.00,200,100.00,0.00,0.00
5-August-2016,28.00,28.85,28.00,28.85,28.566666666666666666,300,3,8570.00,300,100.00,0.85,0.85
4-August-2016,29.25,29.25,27.50,27.50,27.953246753246753246,385,5,10762.00,335,87.01,1.75,-1.75
3-August-2016,26.50,27.90,26.50,27.90,26.580000000000000000,100,2,2658.00,100,100.00,1.40,1.40
2-August-2016,26.60,26.60,26.60,26.60,26.600000000000000000,300,1,7980.00,300,100.00,0.00,0.00
1-August-2016,27.10,27.10,26.50,26.50,27.035398230088495575,113,5,3055.00,113,100.00,0.60,-0.60
27-July-2016,24.00,25.85,24.00,25.85,24.616666666666666666,300,2,7385.00,300,100.00,1.85,1.85
25-July-2016,24.65,24.65,24.65,24.65,24.650000000000000000,100,1,2465.00,100,100.00,0.00,0.00
22-July-2016,22.85,23.50,22.85,23.50,23.137777777777777777,225,3,5206.00,225,100.00,0.65,0.65
21-July-2016,26.55,26.55,24.05,24.05,25.713333333333333333,150,2,3857.00,150,100.00,2.50,-2.50
20-July-2016,27.50,27.50,25.30,25.30,27.059200000000000000,625,3,16912.00,625,100.00,2.20,-2.20
19-July-2016,27.50,27.50,26.60,26.60,27.187037842540234884,2299,5,62503.00,2299,100.00,0.90,-0.90
18-July-2016,28.20,28.25,28.00,28.00,28.149625935162094763,802,7,22576.00,802,100.00,0.25,-0.20
15-July-2016,26.50,27.55,26.50,27.55,27.277000000000000000,1000,7,27277.00,1000,100.00,1.05,1.05
14-July-2016,26.25,26.25,26.25,26.25,26.250000000000000000,1052,2,27615.00,1052,100.00,0.00,0.00
12-July-2016,25.20,25.20,25.00,25.00,25.000000000000000000,2,2,50.00,1,50.00,0.20,-0.20
8-July-2016,24.50,24.50,24.00,24.00,24.496688741721854304,302,3,7398.00,301,99.67,0.50,-0.50
7-July-2016,23.60,23.60,23.50,23.50,23.594059405940594059,101,2,2383.00,101,100.00,0.10,-0.10
5-July-2016,22.55,22.55,22.50,22.50,22.500000000000000000,10,2,225.00,10,100.00,0.05,-0.05
4-July-2016,22.80,22.80,22.50,22.50,22.796762589928057553,556,4,12675.00,556,100.00,0.30,-0.30
27-June-2016,21.75,21.75,21.75,21.75,21.750000000000000000,872,2,18966.00,872,100.00,0.00,0.00
24-June-2016,21.70,21.70,21.70,21.70,21.000000000000000000,1,1,21.00,1,100.00,0.00,0.00
22-June-2016,21.75,21.75,20.70,20.70,21.740236148955495004,1101,4,23936.00,1101,100.00,1.05,-1.05
21-June-2016,21.75,21.75,21.65,21.75,21.724310776942355889,399,4,8668.00,399,100.00,0.10,0.00
20-June-2016,21.75,21.75,21.75,21.75,21.750000000000000000,200,2,4350.00,200,100.00,0.00,0.00
16-June-2016,21.75,21.75,21.75,21.75,21.500000000000000000,2,2,43.00,1,50.00,0.00,0.00
15-June-2016,21.75,21.75,21.75,21.75,21.750000000000000000,100,1,2175.00,100,100.00,0.00,0.00
14-June-2016,21.50,21.50,21.50,21.50,21.500000000000000000,420,2,9030.00,420,100.00,0.00,0.00
13-June-2016,20.50,20.50,20.50,20.50,20.500000000000000000,1000,3,20500.00,1000,100.00,0.00,0.00
10-June-2016,20.25,20.25,18.40,19.55,19.488615937687237866,3338,10,65053.00,3288,98.50,1.85,-0.70
9-June-2016,19.35,19.35,19.35,19.35,19.349529780564263322,1276,8,24690.00,1276,100.00,0.00,0.00
8-June-2016,18.45,18.45,18.00,18.45,18.427317073170731707,1025,6,18888.00,1000,97.56,0.45,0.00
3-June-2016,17.60,17.60,17.60,17.60,17.600000000000000000,400,2,7040.00,400,100.00,0.00,0.00
2-June-2016,16.80,16.80,16.80,16.80,16.795918367346938775,49,2,823.00,49,100.00,0.00,0.00
23-May-2016,17.00,17.00,16.00,16.00,16.101419878296146044,493,2,7938.00,493,100.00,1.00,-1.00
18-May-2016,16.35,16.55,16.35,16.55,16.468559837728194726,493,2,8119.00,493,100.00,0.20,0.20
16-May-2016,17.30,17.30,17.20,17.20,17.202597402597402597,385,3,6623.00,385,100.00,0.10,-0.10
13-May-2016,18.00,18.00,17.20,17.20,17.644444444444444444,45,2,794.00,45,100.00,0.80,-0.80
11-April-2016,18.10,18.10,18.05,18.05,18.068493150684931506,73,3,1319.00,73,100.00,0.05,-0.05
4-April-2016,19.00,19.00,19.00,19.00,19.000000000000000000,260,1,4940.00,260,100.00,0.00,0.00
1-April-2016,18.40,18.40,18.40,18.40,18.000000000000000000,1,1,18.00,1,100.00,0.00,0.00
31-March-2016,19.35,19.35,19.35,19.35,19.344000000000000000,125,2,2418.00,125,100.00,0.00,0.00
30-March-2016,20.35,20.35,20.35,20.35,20.350000000000000000,200,2,4070.00,200,100.00,0.00,0.00
29-March-2016,21.40,21.40,21.40,21.40,21.400000000000000000,100,1,2140.00,100,100.00,0.00,0.00
29-January-2016,22.50,22.50,22.50,22.50,22.000000000000000000,1,1,22.00,1,100.00,0.00,0.00
28-January-2016,22.80,22.80,22.80,22.80,22.800000000000000000,25,1,570.00,25,100.00,0.00,0.00
27-January-2016,24.00,24.00,24.00,24.00,24.000000000000000000,1,1,24.00,1,100.00,0.00,0.00
20-January-2016,23.40,23.40,23.40,23.40,23.000000000000000000,1,1,23.00,1,100.00,0.00,0.00
13-January-2016,22.30,22.30,22.30,22.30,22.000000000000000000,1,1,22.00,1,100.00,0.00,0.00
11-January-2016,22.30,22.30,22.30,22.30,22.297029702970297029,101,3,2252.00,101,100.00,0.00,0.00
