,Date,Open,High,Low,Close,Adj Close,Volume,gainORloss
0,2018-04-09,56.860001000000004,57.369999,56.540001000000004,56.57,55.533069999999995,3362900,0.0
1,2018-04-10,57.119999,57.380001,56.470001,56.740002000000004,55.699955,2253300,1.9970038421923213
2,2018-04-11,56.18,57.43,56.16,56.880001,55.837382999999996,2572400,1.9975386955425687
3,2018-04-12,57.200001,57.41,56.740002000000004,57.169998,56.122066000000004,1617800,1.9949274617781165
4,2018-04-13,57.560001,57.560001,56.560001,56.91,55.86683299999999,1708700,2.004568581971534
5,2018-04-16,57.299999,58.189999,56.98,57.939999,56.877956000000005,1875700,1.9822230062516915
6,2018-04-17,58.490002000000004,59.310001,57.82,59.040001000000004,57.95779399999999,3198800,1.9813685301258717
7,2018-04-18,59.330002,59.450001,58.98,59.290001000000004,58.203213,1847800,1.9957834374129966
8,2018-04-19,58.950001,59.209998999999996,58.470001,58.919998,57.839989,2023500,2.0062797524195437
9,2018-04-20,58.689999,58.98,58.139998999999996,58.23,57.16264,2332700,2.0118495277348445
10,2018-04-23,59.400002,59.439999,58.080002,58.560001,57.486594999999994,2327500,1.9943647371180884
11,2018-04-24,58.869999,59.0,57.400002,57.939999,56.877956000000005,2386700,2.010700759590969
12,2018-04-25,57.75,58.41,57.349998,58.34,57.270626,1743100,1.993143623585876
13,2018-04-26,58.610001000000004,59.209998999999996,58.139998999999996,58.990002000000004,57.90871,2448200,1.9889811497209307
14,2018-04-27,59.029999,59.560001,58.860001000000004,59.43,58.340641000000005,1704600,1.992596365471984
15,2018-04-30,59.59,59.669998,58.25,58.25,57.182274,3092300,2.0202575107296137
16,2018-05-01,58.220001,58.82,57.740002000000004,58.810001,57.732006000000005,1685900,1.99047779305428
17,2018-05-02,58.290001000000004,58.709998999999996,57.080002,57.939999,56.877956000000005,4120600,2.0150155680879456
18,2018-05-03,52.18,55.799999,52.049999,55.09,54.08019300000001,6287200,2.0517335088037756
19,2018-05-04,54.759997999999996,57.619999,54.759997999999996,57.240002000000004,56.190788,4531200,1.962438820320097
20,2018-05-07,57.75,58.959998999999996,57.580002,58.060001,56.995754000000005,4267800,1.9858766967640942
21,2018-05-08,57.82,59.209998999999996,57.610001000000004,58.759997999999996,57.682926,3951800,1.9880871847544992
22,2018-05-09,58.84,59.84,58.57,59.349998,58.262104,2941800,1.9900589718638237
23,2018-05-10,59.509997999999996,60.34,59.349998,60.27,59.165245,2477900,1.9847353243736519
24,2018-05-11,60.490002000000004,60.950001,60.32,60.830002,59.714985,3194800,1.9907939835346382
25,2018-05-14,60.66,60.700001,58.689999,59.049999,57.967613,2352000,2.0301439971235222
26,2018-05-15,58.619999,58.790001000000004,57.919998,58.299999,57.231361,2200800,2.01286449421723
27,2018-05-16,58.48,60.259997999999996,58.220001,59.970001,58.870746999999994,2837200,1.9721527101525311
28,2018-05-17,59.82,61.189999,59.82,60.619999,59.50883100000001,2328500,1.989277498998309
29,2018-05-18,63.0,63.220001,61.0,61.34,60.215630000000004,4935000,1.9882621291164004
30,2018-05-21,61.599998,61.919998,60.650002,60.75,59.636448,3302600,2.0097119341563787
31,2018-05-22,60.810001,61.07,57.939999,59.720001,58.625336,1876200,2.0172471363488422
32,2018-05-23,59.290001000000004,59.740002000000004,58.810001,59.470001,58.379913,1743800,2.004203800164725
33,2018-05-24,59.32,59.68,58.490002000000004,59.439999,58.35046,1564400,2.000504744288438
34,2018-05-25,59.599998,60.599998,59.599998,59.939999,58.84129300000001,1320600,1.9916583248524913
35,2018-05-29,59.330002,59.990002000000004,59.029999,59.470001,58.379913,1727300,2.0079031106792815
36,2018-05-30,59.759997999999996,60.5,59.0,60.169998,59.067078,1124200,1.9883663449681352
37,2018-05-31,60.060001,60.220001,59.490002000000004,59.68,58.586059999999996,1911400,2.0082104222520107
38,2018-06-01,60.110001000000004,60.110001000000004,59.470001,59.73,58.63514300000001,1856800,1.9991628997153859
39,2018-06-04,59.869999,59.959998999999996,59.209998999999996,59.75,58.654778,1494200,1.999665271966527
40,2018-06-05,59.889998999999996,60.580002,59.720001,60.389998999999996,59.283043000000006,1255600,1.9894022352939598
41,2018-06-06,60.540001000000004,61.450001,60.419998,61.310001,60.186188,1631200,1.9849942589301213
42,2018-06-07,61.200001,61.400002,59.73,60.25,59.145610999999995,1880700,2.0175933775933608
43,2018-06-08,60.349998,60.810001,59.669998,60.689999,59.577549,1185000,1.9927500575506683
44,2018-06-11,60.650002,60.959998999999996,60.32,60.709998999999996,59.597179000000004,1658100,1.9996705649756312
45,2018-06-12,60.639998999999996,60.990002000000004,60.0,60.66,59.548103000000005,1263300,2.0008242499175735
46,2018-06-13,60.779999,60.98,60.240002000000004,60.259997999999996,59.155434,1326500,2.0066379358326563
47,2018-06-14,60.279999,61.130001,60.259997999999996,61.080002,59.9604,1248400,1.9865749185797341
48,2018-06-15,60.98,62.049999,60.619999,61.869999,60.735924,2717800,1.9872313396998762
49,2018-06-18,61.41,61.740002000000004,61.220001,61.369999,60.245082999999994,1527100,2.0081473033753836
50,2018-06-19,60.91,61.48,60.669998,61.369999,60.245082999999994,1599700,2.0
51,2018-06-20,61.5,61.610001000000004,60.919998,61.060001,59.940765,932700,2.005076940630905
52,2018-06-21,61.049999,61.32,59.740002000000004,59.93,58.831474,987800,2.01885534790589
53,2018-06-22,60.439999,60.75,59.740002000000004,59.810001,58.713680000000004,5208900,2.0020063366994427
54,2018-06-25,59.59,59.84,58.669998,59.189999,58.105042000000005,1372600,2.0104747763215878
55,2018-06-26,59.200001,60.18,58.950001,59.66,58.566432999999996,1625200,1.9921220080455917
56,2018-06-27,59.540001000000004,60.299999,58.830002,58.860001000000004,57.781096999999995,1121900,2.013591556004221
57,2018-06-28,58.869999,59.84,58.799999,59.759997999999996,58.664593,997700,1.9849398087329255
58,2018-06-29,59.880001,60.32,59.59,59.790001000000004,58.694042,1366600,1.9994981936862652
59,2018-07-02,59.59,61.200001,59.490002000000004,61.16,60.03893299999999,2092700,1.9775997547416613
60,2018-07-03,61.290001000000004,61.75,61.040001000000004,61.43,60.303982,1023500,1.9956047533778285
61,2018-07-05,61.57,62.900002,61.470001,62.700001,61.550701000000004,2307600,1.979744800961008
62,2018-07-06,62.84,63.349998,62.720001,62.959998999999996,61.805939,1655200,1.9958704256014999
63,2018-07-09,63.240002000000004,63.880001,63.0,63.709998999999996,62.542193999999995,1443800,1.9882279075220202
64,2018-07-10,62.099998,62.130001,60.580002,60.759997999999996,59.64625899999999,2371800,2.0485516967923534
65,2018-07-11,60.549999,60.810001,59.959998999999996,60.240002000000004,59.135799,1199700,2.008632071426558
66,2018-07-12,60.669998,61.23,60.490002000000004,60.990002000000004,59.872055,1710700,1.9877029025183506
67,2018-07-13,60.970001,61.709998999999996,60.790001000000004,61.470001,60.343258,1301900,1.99219132923066
68,2018-07-16,61.43,61.5,60.91,61.029999,59.91131600000001,1188500,2.0072096019532952
69,2018-07-17,60.779999,61.110001000000004,60.650002,60.98,59.86223199999999,853100,2.0008199245654312
70,2018-07-18,60.799999,60.98,60.360001000000004,60.669998,59.557911,900400,2.005109642495785
71,2018-07-19,60.57,60.970001,60.119999,60.759997999999996,59.64625899999999,1258000,1.9985187622948901
72,2018-07-20,60.5,60.880001,60.32,60.450001,59.341949,1218600,2.0051281554155804
73,2018-07-23,60.380001,61.080002,60.259997999999996,60.799999,59.685534999999994,1009300,1.9942434538526883
74,2018-07-24,61.0,61.18,60.349998,60.529999,59.420479,961900,2.0044605981242456
75,2018-07-25,60.630001,61.150002,60.259997999999996,61.049999,59.93095,920700,1.9914823913428727
76,2018-07-26,61.299999,61.599998,60.98,61.290001000000004,60.166553,1096600,1.9960841573489287
77,2018-07-27,61.299999,61.48,60.630001,61.130001,60.009487,1148100,2.002617372769224
78,2018-07-30,61.07,61.400002,60.740002000000004,60.950001,59.832786999999996,1077500,2.002953240312498
79,2018-07-31,61.25,62.189999,61.009997999999996,62.080002,60.942069999999994,1584500,1.981797664890539
80,2018-08-01,61.869999,62.630001,61.220001,61.919998,60.784996,1782600,2.0025840440111127
81,2018-08-02,61.900002,63.279999,61.540001000000004,62.970001,61.815765,2233700,1.9833253456673758
82,2018-08-03,65.5,67.57,65.25,66.849998,65.624634,4177600,1.9419596542097128
83,2018-08-06,66.599998,67.300003,65.58000200000001,67.08000200000001,65.850418,2573600,1.996571198671103
84,2018-08-07,67.540001,67.540001,65.800003,65.949997,64.741135,1849100,2.0171342691645613
85,2018-08-08,65.75,66.559998,65.599998,66.370003,65.153442,1737100,1.9936717495703593
86,2018-08-09,66.43,67.260002,66.230003,66.290001,65.074905,1525200,2.001206848676922
87,2018-08-10,65.910004,66.220001,65.019997,65.18,63.985248999999996,1709800,2.0170297790733356
88,2018-08-13,65.050003,65.25,63.709998999999996,64.279999,63.101738,2429300,2.014001260329827
89,2018-08-14,64.279999,64.629997,63.720001,64.32,63.141014,2311100,1.9993780939054728
90,2018-08-15,63.860001000000004,64.040001,62.98,63.509997999999996,62.345859999999995,2658900,2.0127539289168297
91,2018-08-16,63.82,64.889999,63.43,64.860001,63.671108,2632700,1.9791858930128603
92,2018-08-17,64.75,65.43,64.019997,65.290001,64.093231,1925000,1.993413999181896
93,2018-08-20,65.290001,65.75,65.019997,65.43,64.23066700000001,1484600,1.997860324010393
94,2018-08-21,65.440002,66.269997,64.800003,65.720001,64.51535799999999,1590300,1.9955873250823597
95,2018-08-22,65.470001,65.650002,64.910004,65.489998,64.28956600000001,1105800,2.003512032478608
96,2018-08-23,65.389999,65.57,64.82,65.269997,64.073601,983100,2.0033706298469722
97,2018-08-24,65.220001,65.699997,65.199997,65.41999799999999,64.220848,835900,1.9977071078479707
98,2018-08-27,65.75,65.879997,65.449997,65.629997,64.427002,1006900,1.9968002588816207
99,2018-08-28,65.870003,66.050003,65.160004,65.559998,64.358276,881100,2.0010677090014557
100,2018-08-29,65.690002,66.190002,65.0,65.760002,64.55461899999999,1108200,1.9969585767348363
101,2018-08-30,65.589996,65.860001,65.040001,65.150002,63.955803,1036900,2.0093630081546277
102,2018-08-31,65.150002,65.550003,64.849998,65.110001,63.916527,1513700,2.00061436030388
103,2018-09-04,64.93,65.160004,64.489998,64.58000200000001,63.396252000000004,1531900,2.008206859454727
104,2018-09-05,64.400002,64.75,63.970001,64.709999,63.52385699999999,1848100,1.997991083263655
105,2018-09-06,64.690002,65.5,64.529999,64.889999,63.700562,1180100,1.9972260748532296
106,2018-09-07,66.050003,66.050003,63.5,64.230003,63.052662,1231600,2.0102755094064064
107,2018-09-10,64.199997,64.199997,62.84,63.220001,62.061172,2117700,2.0159759883584942
108,2018-09-11,63.040001000000004,64.099998,63.02,63.57,62.404757999999994,1977600,1.99449427402863
109,2018-09-12,63.689999,64.910004,63.580002,64.779999,63.592571,1597300,1.9813214106409602
110,2018-09-13,64.790001,65.489998,64.790001,65.18,63.985248999999996,1542200,1.9938631328628413
111,2018-09-14,65.110001,65.349998,64.589996,64.940002,63.749638,1363300,2.003695688213868
112,2018-09-17,64.980003,64.980003,63.509997999999996,64.199997,63.023212,1175800,2.011526558171023
113,2018-09-18,64.150002,64.75,64.029999,64.379997,63.199917000000006,1673100,1.9972041005220922
114,2018-09-19,64.470001,64.809998,63.41,63.990002000000004,62.81705899999999,1351500,2.0060946239695383
115,2018-09-20,64.220001,64.559998,64.160004,64.309998,63.131191,1317000,1.995024164049889
116,2018-09-21,64.400002,64.970001,63.759997999999996,63.82,62.650177,5304500,2.0076778125979318
117,2018-09-24,63.380001,63.849998,63.209998999999996,63.779999,62.610909,1410900,2.000627171536958
118,2018-09-25,64.0,64.230003,63.900002,63.970001,62.79743199999999,1469100,1.9970298265275936
119,2018-09-26,64.0,64.839996,63.889998999999996,64.190002,63.01339300000001,1152800,1.9965726593995121
120,2018-09-27,64.199997,64.599998,64.08000200000001,64.209999,63.033028,952300,1.9996885687539103
121,2018-09-28,64.089996,64.43,63.869999,64.410004,63.229366000000006,1159000,1.9968948146626415
122,2018-10-01,64.699997,64.970001,63.639998999999996,64.050003,62.875961,1430900,2.005620624248839
123,2018-10-02,64.0,64.760002,63.799999,64.25,63.072285,1479700,1.996887206225681
124,2018-10-03,64.400002,64.739998,64.120003,64.720001,63.533683999999994,1639200,1.9927379327450876
125,2018-10-04,64.690002,65.269997,63.860001000000004,64.519997,63.33734499999999,2649200,2.0030998761515755
126,2018-10-05,64.510002,65.440002,63.889998999999996,64.480003,63.298077,1787900,2.000620254313574
127,2018-10-08,64.410004,64.68,63.189999,63.720001,62.552017000000006,1107000,2.0119272126188448
128,2018-10-09,63.779999,64.08000200000001,63.349998,63.57,62.404757999999994,877900,2.002359619317288
129,2018-10-10,63.700001,64.389999,62.900002,62.959998999999996,61.805939,1715200,2.009688707269516
130,2018-10-11,63.290001000000004,63.619999,61.549999,61.599998,60.470863,3049400,2.0220779390285046
131,2018-10-12,62.18,62.330002,60.93,62.119999,60.981334999999994,1662500,1.9916290887255166
132,2018-10-15,61.740002000000004,63.139998999999996,61.169998,62.43,61.285656,1261900,1.9950344225532597
133,2018-10-16,62.759997999999996,64.599998,62.57,64.370003,63.190090000000005,1350300,1.96986169163298
134,2018-10-17,64.300003,64.33000200000001,62.849998,64.230003,63.052662,1400400,2.0021796667205516
135,2018-10-18,64.059998,64.190002,62.41,62.740002000000004,61.589977000000005,1814200,2.0237488197721127
136,2018-10-19,63.16,63.790001000000004,62.669998,62.98,61.825568999999994,2324400,1.9961892981899017
137,2018-10-22,62.959998999999996,63.689999,62.740002000000004,62.98,61.825568999999994,1582300,2.0
138,2018-10-23,62.310001,63.959998999999996,62.16,63.509997999999996,62.345859999999995,1719400,1.9916548887310623
139,2018-10-24,63.310001,63.880001,61.700001,61.82,60.686836,2161200,2.0273373989000323
140,2018-10-25,62.290001000000004,63.130001,61.720001,62.32,61.17766999999999,2069800,1.991976893453145
141,2018-10-26,52.139998999999996,56.560001,50.91,55.549999,54.531765,7646600,2.1218722074144414
142,2018-10-29,58.529999,59.32,57.880001,58.400002,57.329529,5746400,1.9511985804384047
143,2018-10-30,58.68,59.34,57.029999,57.450001,56.396938,4018600,2.0165361354824
144,2018-10-31,57.82,58.419998,57.209998999999996,57.279999,56.230049,3539800,2.0029679120629873
145,2018-11-01,57.240002000000004,58.259997999999996,57.220001,57.439999,56.387122999999995,2024100,1.9972144846311715
146,2018-11-02,57.669998,58.060001,56.16,56.720001,55.680317,2372400,2.0126938996351567
147,2018-11-05,56.91,57.490002000000004,56.419998,56.650002,55.611603,1336300,2.0012356398504627
148,2018-11-06,56.540001000000004,57.610001000000004,56.450001,57.599998,56.544185999999996,1495100,1.9835070133162158
149,2018-11-07,58.139998999999996,58.900002,58.0,58.540001000000004,57.466965,1499800,1.9839425523754262
150,2018-11-08,58.450001,58.900002,57.990002000000004,58.049999,56.985939,1374500,2.008441033737141
151,2018-11-09,57.919998,58.040001000000004,57.130001,57.57,56.514736,2314200,2.0083376585026924
152,2018-11-12,57.400002,57.759997999999996,56.66,56.759997999999996,55.719584999999995,1236100,2.014270648846746
153,2018-11-13,56.93,57.389998999999996,55.98,56.41,55.376003000000004,1338900,2.0062045382024465
154,2018-11-14,56.75,57.02,56.23,56.5,55.464348,1542300,1.9984070796460176
155,2018-11-15,56.169998,57.380001,55.790001000000004,57.27,56.220242000000006,1208500,1.9865549153134276
156,2018-11-16,57.040001000000004,58.310001,55.990002000000004,57.889998999999996,56.828873,1338500,1.9892900499100028
157,2018-11-19,57.889998999999996,57.889998999999996,56.080002,56.25,55.21893299999999,1757000,2.0291555377777777
158,2018-11-20,56.139998999999996,56.57,55.720001,56.290001000000004,55.258205000000004,1654500,1.9992893764560422
159,2018-11-21,56.310001,56.830002,55.849998,56.59,55.5527,1194300,1.9946987276904047
160,2018-11-23,56.25,57.310001,56.209998999999996,56.91,55.86683299999999,464900,1.9943770866280093
161,2018-11-26,57.369999,57.990002000000004,57.009997999999996,57.93,56.868141,1671500,1.9823925427239772
162,2018-11-27,57.700001,58.400002,57.16,57.950001,56.887775,2057300,1.9996548576418487
163,2018-11-28,57.93,58.48,56.919998,58.400002,57.329529,1614800,1.9922945036885444
164,2018-11-29,58.049999,58.32,57.310001,57.349998,56.298775,2267800,2.0183087015975136
165,2018-11-30,57.599998,58.240002000000004,57.16,57.91,56.848507,2838700,1.9903297876014505
166,2018-12-03,58.349998,59.290001000000004,57.93,58.110001000000004,57.044846,2480200,1.996558234442295
167,2018-12-04,58.220001,58.369999,55.93,56.119999,55.091316000000006,1511400,2.0354597654215927
168,2018-12-06,55.25,55.490002000000004,54.169998,54.869999,53.864227,3079600,2.0227811194237493
169,2018-12-07,54.540001000000004,55.16,53.5,53.73,52.745125,2277700,2.021217178485018
170,2018-12-10,53.619999,54.799999,52.970001,54.439999,53.442108,2631500,1.9869581371594072
171,2018-12-11,55.02,55.360001000000004,53.959998999999996,54.970001,53.962394999999994,3427700,1.9903583410886239
172,2018-12-12,55.68,57.189999,55.68,56.150002,55.120773,2043600,1.9789848449159448
173,2018-12-13,56.169998,56.98,56.169998,56.77,55.729404,2426800,1.9890787740003524
174,2018-12-14,56.279999,57.470001,55.849998,55.91,54.885166000000005,2445300,2.0153818637095333
175,2018-12-17,55.560001,55.939999,53.98,54.299999,53.304680000000005,2382200,2.02965011104328
176,2018-12-18,54.779999,54.799999,52.689999,53.099998,52.126678000000005,2532400,2.0225988897400713
177,2018-12-19,53.080002,53.419998,51.799999,52.07,51.115555,2418700,2.019781025542539
178,2018-12-20,51.98,52.549999,49.91,50.68,49.751034000000004,3443900,2.027426992896606
179,2018-12-21,51.060001,51.52,49.18,49.209998999999996,48.307976000000004,5630500,2.029871998168502
180,2018-12-24,49.130001,50.080002,48.779999,48.900002,48.003665999999996,1679200,2.0063394066936846
181,2018-12-26,49.080002,51.59,48.93,51.560001,50.614899,2977900,1.9484096402558255
182,2018-12-27,50.799999,52.0,50.220001,52.0,51.046841,2819700,1.9915384807692307
183,2018-12-28,52.110001000000004,52.740002000000004,51.450001,52.009997999999996,51.056652,1601900,1.9998077677295816
184,2018-12-31,52.279999,52.66,51.880001,52.439999,51.478767,1318700,1.9918001333295219
185,2019-01-02,51.459998999999996,52.139998999999996,51.41,51.869999,50.919216,2134300,2.0109890112008677
186,2019-01-03,51.610001000000004,51.98,50.509997999999996,50.700001,49.77066,2092500,2.023076883174026
187,2019-01-04,51.25,52.32,51.02,52.23,51.272621,2143300,1.970706509668773
188,2019-01-07,52.049999,52.740002000000004,51.869999,51.93,50.978119,1937000,2.0057770075101096
189,2019-01-08,52.349998,53.189999,52.09,53.130001,52.156128,2033400,1.9774138720607215
190,2019-01-09,53.349998,53.84,53.07,53.43,52.450626,1401200,1.9943851955830059
191,2019-01-10,53.25,54.169998,53.080002,54.07,53.078892,1412900,1.9881634917699278
192,2019-01-11,53.799999,53.98,53.41,53.880001,52.89238,1498900,2.0035263362374476
193,2019-01-14,53.34,54.48,53.18,54.040001000000004,53.049445999999996,1515400,1.9970392302546405
194,2019-01-15,54.189999,54.580002,53.77,54.450001,53.45193100000001,1514200,1.992470156244809
195,2019-01-16,54.549999,54.759997999999996,53.619999,53.639998999999996,52.656780000000005,1887300,2.0151007087080672
196,2019-01-17,53.610001000000004,53.84,52.970001,53.400002,52.421172999999996,2115800,2.0044943256743695
197,2019-01-18,53.900002,54.07,53.240002000000004,54.060001,53.069077,2643900,1.9877913616760754
198,2019-01-22,53.779999,53.900002,52.66,52.98,52.008873,4221900,2.0203850698376744
199,2019-01-23,52.970001,54.099998,52.810001,54.080002,53.088715,3487200,1.9796597270835898
200,2019-01-24,54.27,54.630001,53.860001000000004,54.459998999999996,53.461746,2227500,1.9930224567209411
201,2019-01-25,54.91,55.400002,54.610001000000004,54.900002,53.893677000000004,1636100,1.9919853736981648
202,2019-01-28,54.52,55.099998,54.419998,54.950001,53.94276,1771700,1.9990901001075505
203,2019-01-29,54.959998999999996,55.169998,54.32,54.5,53.501011,1573700,2.0082568990825687
204,2019-01-30,54.59,54.790001000000004,54.209998999999996,54.490002000000004,53.491192000000005,4318500,2.0001834832011935
205,2019-01-31,54.529999,55.25,54.459998999999996,54.91,53.903496,3654700,1.9923511564378074
206,2019-02-01,54.860001000000004,55.25,54.610001000000004,54.860001000000004,53.854416,2167800,2.0009113926191873
207,2019-02-04,54.970001,55.779999,54.810001,55.59,54.57103000000001,2935700,1.9868681597409608
208,2019-02-05,55.75,56.43,55.389998999999996,55.41,54.394332999999996,2814200,2.0032485110990796
209,2019-02-06,55.060001,58.240002000000004,54.889998999999996,56.27,55.23857099999999,4434400,1.9847165452283633
210,2019-02-07,55.869999,56.130001,54.970001,55.599998,54.580853000000005,2315800,2.012050396116921
211,2019-02-08,55.330002,56.169998,55.060001,56.009997999999996,54.98333,2017700,1.992679878331722
212,2019-02-11,56.16,57.580002,56.040001000000004,57.5,56.446022,3265300,1.9740869217391304
213,2019-02-12,57.82,59.150002,57.66,58.82,57.741829,3232400,1.9775586535192111
214,2019-02-13,59.189999,59.189999,55.939999,56.93,55.886475,4896300,2.0331986650272262
215,2019-02-14,56.720001,56.91,56.330002,56.799999,55.758846,3288000,2.002288750040295
216,2019-02-15,57.330002,58.0,56.919998,57.91,56.848507,2096800,1.9808323087549646
217,2019-02-19,57.59,58.02,57.32,57.540001000000004,56.485287,1445400,2.0064302918590493
218,2019-02-20,57.509997999999996,57.93,57.080002,57.77,56.711075,1384000,1.9960187121343256
219,2019-02-21,57.700001,57.700001,57.009997999999996,57.23,56.180965,1572600,2.0094356106936924
220,2019-02-22,57.310001,57.759997999999996,57.009997999999996,57.73,56.671806000000004,1622900,1.9913389918586524
221,2019-02-25,58.0,58.07,56.959998999999996,56.990002000000004,55.945374,1658900,2.0129846986143285
222,2019-02-26,56.75,57.169998,56.490002000000004,57.0,55.955181,1822500,1.9998245964912282
223,2019-02-27,56.75,57.389998999999996,56.599998,56.990002000000004,55.945374,1800100,2.0001754342805604
224,2019-02-28,54.720001,56.290001000000004,54.220001,55.950001,54.924442000000006,3220300,2.0185880425632163
225,2019-03-01,56.419998,56.470001,55.529999,55.950001,54.924442000000006,3031100,2.0
226,2019-03-04,56.25,56.330002,55.09,55.369999,54.355064,2701000,2.010475022764584
227,2019-03-05,55.330002,55.849998,54.880001,55.73,54.708462,1664000,1.9935402655661225
228,2019-03-06,55.869999,56.209998999999996,55.279999,55.439999,54.423781999999996,3000800,2.0052308983627505
229,2019-03-07,55.360001000000004,55.619999,54.610001000000004,55.400002,54.38451800000001,2878800,2.0007219674829613
230,2019-03-08,55.009997999999996,55.68,54.599998,55.450001,54.433601,2572800,1.9990983047953417
231,2019-03-11,55.509997999999996,56.470001,55.490002000000004,56.259997999999996,55.228747999999996,3701500,1.9856026123570072
232,2019-03-12,56.310001,57.049999,55.950001,56.889998999999996,55.847202,2687700,1.988925979766672
233,2019-03-13,56.950001,57.810001,56.82,57.560001,56.504925,2629500,1.9883599376587917
234,2019-03-14,57.630001,57.630001,57.060001,57.139998999999996,56.092617000000004,2622600,2.0073504026487643
235,2019-03-15,57.200001,57.93,57.02,57.91,56.848507,3002100,1.9867034881713002
236,2019-03-18,57.779999,58.0,57.290001000000004,57.669998,56.612904,1207400,2.0041616439799426
237,2019-03-19,57.950001,58.119999,57.200001,57.580002,56.524558999999996,1759900,2.0015629732003135
238,2019-03-20,57.599998,58.18,57.049999,57.599998,56.544185999999996,1778300,1.9996528472101684
239,2019-03-21,57.049999,58.5,57.049999,58.279999,57.21173100000001,1366300,1.9883321720715885
240,2019-03-22,58.080002,58.34,56.91,56.959998999999996,55.91591999999999,1318500,2.0231741577102205
241,2019-03-25,57.040001000000004,57.169998,56.220001,56.689999,55.650867000000005,1212500,2.0047627448361744
242,2019-03-26,56.919998,57.389998999999996,56.529999,56.709998999999996,55.670502,1361700,1.999647328507271
243,2019-03-27,56.650002,56.959998999999996,56.110001000000004,56.619999,55.58215,999600,2.001589544358699
244,2019-03-28,56.700001,57.0,56.150002,56.540001000000004,55.50362,1378400,2.0014148920867543
245,2019-03-29,56.869999,57.349998,56.669998,57.209998999999996,56.161339,1440200,1.988288795460388
246,2019-04-01,57.669998,57.75,56.66,57.52,56.465656,1771100,1.994610552851182
247,2019-04-02,57.48,57.619999,56.68,56.93,55.886475,1158100,2.0103636044264888
248,2019-04-03,57.259997999999996,57.490002000000004,56.790001000000004,57.119999,56.072990000000004,1678300,1.9966736869165562
249,2019-04-04,57.209998999999996,57.540001000000004,56.709998999999996,57.049999,56.004268999999994,858400,2.001226993886538
250,2019-04-05,57.029999,57.509997999999996,57.0,57.32,56.269318000000005,993100,1.99528958478716
251,2019-04-08,57.41,57.580002,56.52,57.09,56.043537,1398000,2.004028726572079
252,2019-04-09,63.380001,66.029999,61.889998999999996,62.970001,61.815765,15884200,1.9066221866504336
253,2019-04-10,63.599998,63.77,61.669998,63.709998999999996,62.542193999999995,5189700,1.9883849001473068
254,2019-04-11,63.57,63.759997999999996,61.98,62.200001,61.059868,3311000,2.0242764947865513
255,2019-04-12,62.389998999999996,62.84,62.200001,62.799999,61.648876,2586000,1.9904458915676098
256,2019-04-15,62.720001,63.599998,62.48,63.459998999999996,62.296772,3062300,1.989599747708789
257,2019-04-16,63.779999,63.970001,62.639998999999996,63.049999,61.89429499999999,2196800,2.006502775678077
258,2019-04-17,63.119999,63.43,62.23,62.400002,61.256206999999996,3012500,2.010416618255878
259,2019-04-18,62.799999,63.009997999999996,61.860001000000004,62.709998999999996,61.560524,2577500,1.9950566575515334
260,2019-04-22,62.439999,63.0,62.240002000000004,62.669998,61.521252000000004,2046300,2.0006382798990994
261,2019-04-23,62.93,64.110001,62.860001000000004,63.830002,62.659996,3850100,1.981826665147214
262,2019-04-24,63.82,64.400002,63.779999,64.150002,62.974132999999995,2746900,1.9950116915039224
263,2019-04-25,63.68,64.959999,63.16,64.599998,63.415878,2906700,1.9930341174313968
264,2019-04-26,64.5,65.470001,62.779999,65.08000200000001,63.887089,4821000,1.9926244009642162
265,2019-04-29,65.0,66.269997,64.839996,65.879997,64.67241700000001,2780800,1.9878567845107826
266,2019-04-30,65.540001,66.559998,65.309998,66.449997,65.231972,2563800,1.9914221215088994
267,2019-05-01,66.650002,67.110001,66.129997,66.699997,65.477386,2553700,1.996251873894387
268,2019-05-02,66.769997,68.16999799999999,66.43,68.010002,66.763374,3010200,1.9807380537939108
269,2019-05-03,68.449997,69.339996,68.129997,68.470001,67.214935,2167900,1.9932817439275343
270,2019-05-06,67.339996,68.75,67.120003,68.650002,67.391655,2242300,1.9973779898797381
271,2019-05-07,67.91999799999999,68.360001,67.410004,67.75,66.50814100000001,2382500,2.0132841623616238
272,2019-05-08,67.760002,68.370003,67.43,68.019997,66.773201,1641800,1.9960306231710063
273,2019-05-09,67.589996,68.690002,67.239998,68.589996,67.33273299999999,2070700,1.991689764787273
274,2019-05-10,68.230003,69.279999,67.610001,68.940002,67.676338,2279100,1.9949230346700597
275,2019-05-13,67.879997,68.339996,67.059998,67.160004,65.928947,2704300,2.0265038399938153
276,2019-05-14,67.440002,68.32,67.279999,67.83000200000001,66.586662,2363200,1.9901223945120918
277,2019-05-15,67.339996,69.07,67.089996,68.629997,67.371994,2832400,1.9883433624512616
278,2019-05-16,68.699997,69.650002,68.629997,68.910004,67.646873,2155100,1.9959366277209913
279,2019-05-17,68.389999,69.620003,68.33000200000001,68.480003,67.22476999999999,2257200,2.0062792199351978
280,2019-05-20,67.910004,69.739998,67.870003,69.550003,68.27514599999999,3262000,1.9846153852789914
281,2019-05-21,69.849998,70.760002,69.720001,70.150002,68.864151,3619000,1.991446914000088
282,2019-05-22,69.900002,70.449997,69.559998,70.129997,68.844505,2324700,2.0002852559654323
283,2019-05-23,69.739998,70.449997,69.410004,69.940002,68.657997,3222800,2.002716542673247
284,2019-05-24,70.129997,70.900002,70.0,70.589996,69.296074,3105200,1.9907919813453454
285,2019-05-28,70.629997,71.0,70.040001,70.209999,68.92305,4102200,2.005412291773427
286,2019-05-29,70.029999,70.25,69.050003,69.43,68.15735600000001,2721500,2.011234322339046
287,2019-05-30,69.620003,70.699997,69.5,70.32,69.031029,2032800,1.9873435722411834
288,2019-05-31,69.940002,70.360001,69.349998,69.970001,68.68744699999999,1987700,2.005002129412575
289,2019-06-03,70.0,70.410004,68.75,69.08000200000001,67.81375899999999,3552700,2.0128835983531093
290,2019-06-04,69.800003,70.910004,69.639999,70.879997,69.580765,3444200,1.9746050356068723
291,2019-06-05,71.0,71.790001,70.519997,71.510002,70.199219,3005700,1.9911899736766892
292,2019-06-06,71.540001,72.5,71.480003,72.25,70.925652,2546700,1.9897578131487887
293,2019-06-07,72.75,73.239998,72.449997,72.739998,71.40666999999999,1848300,1.993263706166173
294,2019-06-10,72.849998,73.139999,72.230003,72.699997,71.367393,1677500,2.0005502201052363
295,2019-06-11,72.849998,73.230003,71.239998,71.66999799999999,70.356285,3120800,2.0143714110331077
296,2019-06-12,71.730003,72.41999799999999,71.690002,72.260002,70.93547099999999,2026200,1.9918349850031836
297,2019-06-13,72.459999,72.690002,72.150002,72.480003,71.151443,1912700,1.996964666240425
298,2019-06-14,72.540001,72.949997,72.199997,72.230003,70.906029,1682600,2.0034611655768586
299,2019-06-17,72.150002,72.33000200000001,71.41999799999999,71.480003,70.34506999999999,1806100,2.010492444998918
300,2019-06-18,72.0,72.139999,70.519997,70.66999799999999,69.547928,2810300,2.011461794579363
301,2019-06-19,70.779999,71.309998,70.559998,71.0,69.87269599999999,3217700,1.995352084507042
302,2019-06-20,71.690002,72.0,71.0,71.75,70.61077900000001,3061300,1.9895470383275262
303,2019-06-21,71.900002,72.400002,71.440002,72.089996,70.945366,3295700,1.9952837284108045
304,2019-06-24,72.110001,72.699997,71.57,72.650002,71.496498,1345000,1.9922917276726297
305,2019-06-25,72.839996,72.949997,71.0,71.25,70.118713,2268400,2.019649150877193
306,2019-06-26,71.349998,71.779999,70.66999799999999,71.040001,69.912056,1604500,2.002956066962893
307,2019-06-27,71.08000200000001,72.010002,70.809998,71.790001,70.650154,1805600,1.9895528626611942
308,2019-06-28,71.849998,73.360001,71.839996,73.300003,72.136169,6527400,1.9793997007066972
309,2019-07-01,73.610001,74.41999799999999,73.5,74.269997,73.09075899999999,2453400,1.9869396251624998
310,2019-07-02,74.519997,75.08000200000001,74.150002,74.949997,73.759964,2526000,1.9909272844934203
311,2019-07-03,75.0,76.0,74.120003,74.529999,73.346634,1526800,2.00563528787918
312,2019-07-05,74.209999,74.5,73.540001,74.5,73.317123,1238300,2.0004026711409395
313,2019-07-08,74.239998,74.730003,73.849998,74.559998,73.37616700000001,1670500,1.9991953057724066
314,2019-07-09,74.32,75.029999,74.199997,74.989998,73.799339,1574100,1.994265901967353
315,2019-07-10,75.139999,75.730003,75.0,75.68,74.478378,1657900,1.990882637420719
316,2019-07-11,75.849998,76.199997,75.480003,76.150002,74.940926,1408700,1.993827945007802
317,2019-07-12,76.309998,76.470001,75.510002,76.120003,74.911407,1406700,2.0003941014032804
318,2019-07-15,76.190002,76.269997,75.720001,75.83000200000001,74.626007,1281400,2.0038243570137317
319,2019-07-16,76.029999,76.139999,74.139999,74.480003,73.29744000000001,3062700,2.0181256571646484
320,2019-07-17,74.389999,74.790001,74.07,74.43,73.248222,2111400,2.00067181244122
321,2019-07-18,74.510002,74.58000200000001,73.779999,74.0,72.825058,2419500,2.005810810810811
322,2019-07-19,74.470001,74.470001,72.639999,72.83000200000001,71.673645,2228900,2.0160647805556837
323,2019-07-22,72.959999,73.07,71.910004,72.0,70.856812,3288100,2.0115278055555557
324,2019-07-23,71.980003,72.120003,71.059998,72.08000200000001,70.935547,2243600,1.998890094370419
325,2019-07-24,71.620003,72.400002,71.150002,72.209999,71.063477,2739200,1.9981997368536182
326,2019-07-25,71.489998,73.33000200000001,70.519997,72.91999799999999,71.762199,4066500,1.990263315695648
327,2019-07-26,72.779999,73.510002,71.959999,73.110001,71.949173,2691900,1.9974011353111591
328,2019-07-29,73.0,73.82,72.529999,73.66999799999999,72.50029,1542900,1.9923985745187611
329,2019-07-30,73.400002,73.980003,73.199997,73.589996,72.421562,1652600,2.0010871314628145
330,2019-07-31,73.410004,73.779999,71.029999,71.650002,70.512375,2479300,2.027075979704788
331,2019-08-01,71.75,72.779999,71.57,71.93,70.787918,3233000,1.9961073543723062
332,2019-08-02,71.989998,72.0,70.589996,70.970001,69.84317,2207400,2.0135268280466843
333,2019-08-05,70.199997,70.910004,69.470001,69.66999799999999,68.563805,2784600,2.0186594378831475
334,2019-08-06,69.809998,70.639999,69.360001,70.5,69.38063000000001,1824500,1.9882269219858155
335,2019-08-07,69.879997,70.349998,69.099998,70.089996,68.977135,2402800,2.0058496793180014
336,2019-08-08,70.220001,71.629997,70.08000200000001,71.489998,70.354912,1943200,1.9804168129924973
337,2019-08-09,71.480003,71.790001,70.879997,71.410004,70.276184,1515500,2.0011202071911383
338,2019-08-12,71.230003,71.480003,70.089996,70.239998,69.124756,1775100,2.016657261294341
339,2019-08-13,70.33000200000001,71.739998,70.019997,70.879997,69.754601,1709300,1.990970668353725
340,2019-08-14,70.18,70.459999,69.309998,69.41999799999999,68.31778,2270100,2.021031389254722
341,2019-08-15,69.449997,69.970001,69.220001,69.25,68.150475,2293700,2.0024548447653427
342,2019-08-16,69.940002,70.970001,69.529999,70.650002,69.528252,1945600,1.9801839779141124
343,2019-08-19,71.279999,72.220001,70.91999799999999,71.83000200000001,70.689514,1883800,1.9835723239990999
344,2019-08-20,71.900002,71.980003,71.300003,71.379997,70.246666,1685700,2.0063043572276977
345,2019-08-21,71.970001,72.08000200000001,71.610001,71.779999,70.640297,1331000,1.9944273891672804
346,2019-08-22,72.839996,72.860001,71.370003,71.68,70.541893,1361100,2.0013950753348215
347,2019-08-23,71.25,71.480003,67.57,67.93,66.851425,3778400,2.055203886353599
348,2019-08-26,68.239998,68.860001,67.980003,68.519997,67.432076,1835400,1.9913894187706982
349,2019-08-27,68.860001,69.300003,67.959999,68.190002,67.1073,2069700,2.004839345803216
350,2019-08-28,67.910004,69.08000200000001,67.900002,68.58000200000001,67.491119,1309600,1.994313211014488
351,2019-08-29,69.08000200000001,69.400002,68.639999,69.0,67.904449,1142300,1.9939130724637681
352,2019-08-30,69.550003,69.860001,68.43,68.910004,67.815865,1965200,2.0013059932488177
353,2019-09-03,68.300003,68.760002,66.839996,67.389999,66.32,2275700,2.0225553497930755
354,2019-09-04,67.949997,68.260002,66.709999,67.279999,66.21174599999999,1403000,2.0016349584071786
355,2019-09-05,67.91999799999999,68.209999,67.379997,67.849998,66.772705,1467400,1.991599130187152
356,2019-09-06,67.910004,67.959999,67.220001,67.360001,66.29048900000001,1857200,2.0072743021485406
357,2019-09-09,67.589996,67.75,66.050003,66.5,65.444138,2859100,2.012932345864662
358,2019-09-10,66.230003,67.360001,65.860001,67.349998,66.28064,2248500,1.9873793908650152
359,2019-09-11,67.190002,68.389999,66.66999799999999,68.33000200000001,67.245087,1432000,1.9856577788480088
360,2019-09-12,68.550003,69.199997,67.959999,68.010002,66.93016800000001,1651300,2.0047051902748074
361,2019-09-13,68.25,68.75,67.639999,67.849998,66.772705,1274400,2.0023582019855035
362,2019-09-16,67.449997,68.120003,67.25,67.760002,66.684135,1003600,2.0013281581662294
363,2019-09-17,67.720001,68.32,67.660004,68.139999,67.058105,1183100,1.994423290202866
364,2019-09-18,68.190002,68.480003,66.910004,67.57,66.497147,1282500,2.0084356815154654
365,2019-09-19,67.68,68.510002,67.480003,67.68,66.6054,1201000,1.9983747044917255
366,2019-09-20,67.449997,68.629997,67.410004,68.440002,67.35333299999999,3818600,1.9888953539188965
367,2019-09-23,68.209999,68.769997,67.709999,68.58000200000001,67.491119,1205600,1.9979585885693036
368,2019-09-24,68.75,69.0,67.82,68.33000200000001,67.42205,1684800,2.0036587149521816
369,2019-09-25,67.949997,68.489998,67.739998,68.230003,67.32338,1251900,2.0014656162333746
370,2019-09-26,68.459999,68.970001,67.489998,68.360001,67.451645,1361700,1.9980983323859225
371,2019-09-27,68.519997,69.029999,67.769997,68.370003,67.46151,1753700,1.9998537077729837
372,2019-09-30,68.370003,68.83000200000001,68.019997,68.16999799999999,67.26416800000001,3191100,2.0029339152980468
373,2019-10-01,68.370003,69.040001,67.16999799999999,67.459999,66.56360600000001,1947200,2.0105247407430293
374,2019-10-02,67.160004,67.190002,65.720001,66.540001,65.65583000000001,2105500,2.0138262396479374
375,2019-10-03,66.360001,66.870003,65.519997,66.139999,65.261139,1809000,2.006047807772117
376,2019-10-04,66.32,66.949997,66.150002,66.82,65.932098,1051200,1.9898233912002394
377,2019-10-07,66.599998,66.809998,65.860001,66.309998,65.428894,1253800,2.0076911780332134
378,2019-10-08,65.690002,66.239998,65.019997,65.099998,64.234955,2415600,2.018586790125554
379,2019-10-09,65.379997,65.940002,65.099998,65.709999,64.836853,1424100,1.9907167705176805
380,2019-10-10,65.459999,67.0,65.440002,66.839996,65.95184300000001,2829900,1.9830939995867145
381,2019-10-11,67.269997,68.279999,67.029999,67.58000200000001,66.682007,2042000,1.9890499263376762
382,2019-10-14,67.529999,67.989998,67.040001,67.739998,66.83989,1547800,1.9976380867327452
383,2019-10-15,67.980003,68.370003,67.690002,68.089996,67.185226,1262400,1.9948597735267894
384,2019-10-16,68.0,68.440002,67.720001,68.160004,67.25430300000001,1801000,1.9989728873842203
385,2019-10-17,68.220001,68.32,65.730003,68.110001,67.204971,1724700,2.0007341506278937
386,2019-10-18,68.309998,68.489998,67.709999,67.760002,66.859627,1619300,2.0051652743457713
387,2019-10-21,67.91999799999999,68.400002,67.730003,68.160004,67.25430300000001,1480800,1.994131426400738
388,2019-10-22,67.940002,68.379997,67.379997,67.470001,66.573463,1529300,2.0102268117648316
389,2019-10-23,67.440002,67.68,66.769997,67.57,66.672134,2175500,1.9985200680775492
390,2019-10-24,67.82,68.120003,67.209999,67.480003,66.583344,2453600,2.0013336839952425
391,2019-10-25,67.5,68.489998,65.610001,66.43,65.547287,2989000,2.0158061568568417
392,2019-10-28,66.559998,67.360001,66.41999799999999,67.0,66.109718,2646300,1.991492537313433
393,2019-10-29,66.690002,67.730003,66.68,67.360001,66.464943,2518900,1.9946555671814794
394,2019-10-30,67.57,68.239998,67.279999,68.099998,67.195099,2259300,1.9891336707528242
395,2019-10-31,67.860001,68.129997,66.68,67.120003,66.228127,2056500,2.0146006399910323
396,2019-11-01,67.389999,67.980003,67.260002,67.529999,66.63266800000001,1980300,1.993928683458147
397,2019-11-04,67.75,68.059998,67.370003,67.459999,66.56360600000001,1802700,2.0010376519572737
398,2019-11-05,67.620003,67.760002,67.120003,67.209999,66.316917,1825900,2.0037196846260925
399,2019-11-06,67.300003,67.720001,66.839996,66.970001,66.080116,2061000,2.0035836642737994
400,2019-11-07,67.199997,67.690002,66.760002,66.83000200000001,65.941986,1320400,2.0020948525484106
401,2019-11-08,66.629997,67.339996,66.260002,67.309998,66.415604,1536400,1.992868875140956
402,2019-11-11,66.949997,67.260002,66.139999,66.260002,65.37955500000001,1525200,2.0158466038078298
403,2019-11-12,66.540001,67.279999,66.260002,67.010002,66.11958299999999,2134000,1.9888076409846995
404,2019-11-13,66.839996,67.360001,66.470001,66.860001,65.971581,1516600,2.002243508790854
405,2019-11-14,66.970001,67.510002,66.959999,67.050003,66.159058,2320800,1.997166264108892
406,2019-11-15,67.260002,68.779999,67.089996,68.400002,67.491119,6148700,1.9802631730917202
407,2019-11-18,68.440002,68.860001,67.410004,67.610001,66.711624,3198200,2.0116846766501304
408,2019-11-19,67.870003,68.339996,67.66999799999999,68.139999,67.234566,2942400,1.9922219253334594
409,2019-11-20,67.839996,68.239998,67.099998,67.66999799999999,66.770813,1808800,2.0069454856493425
410,2019-11-21,67.730003,68.739998,67.449997,68.470001,67.560181,1966700,1.9883160071810133
411,2019-11-22,69.0,69.91999799999999,68.730003,69.440002,68.517303,1961900,1.9860310919921922
412,2019-11-25,69.639999,70.839996,69.589996,70.68,69.740822,2479100,1.982456168647425
413,2019-11-26,71.089996,71.879997,70.599998,71.839996,70.885414,2291200,1.9838530614617516
414,2019-11-27,70.129997,72.150002,69.730003,72.110001,71.15181700000001,1491100,1.9962556511405403
415,2019-11-29,71.989998,72.139999,71.150002,71.589996,70.638733,1119000,2.0072636545474873
416,2019-12-02,71.589996,71.690002,70.529999,70.91999799999999,69.977631,1271600,2.009447236589037
417,2019-12-03,70.489998,71.129997,70.190002,71.07,70.125641,1723700,1.9978893766708878
418,2019-12-04,71.18,71.199997,70.459999,70.599998,69.661873,1668500,2.0066572523132367
419,2019-12-05,70.910004,71.0,70.410004,70.769997,69.82961999999999,1299700,1.9975978662257117
420,2019-12-06,71.25,71.550003,70.949997,71.290001,70.342712,1237500,1.992705793341201
421,2019-12-09,70.940002,71.720001,70.879997,71.440002,70.49073,1780500,1.9979003220072697
422,2019-12-10,71.449997,71.83000200000001,71.110001,71.709999,70.757133,1292200,1.9962348765337454
423,2019-12-11,71.559998,71.790001,71.059998,71.5,70.54991899999999,1583400,2.0029370489510487
424,2019-12-12,71.629997,72.07,71.260002,71.82,70.865669,1893900,1.9955444165970482
425,2019-12-13,71.900002,72.66999799999999,71.32,72.230003,71.27023299999999,1618600,1.994323646919965
426,2019-12-16,72.459999,72.849998,72.25,72.66999799999999,71.704376,2376600,1.9939453005076453
427,2019-12-17,72.75,72.75,71.589996,71.610001,70.658455,2442000,2.0148023597988773
428,2019-12-18,71.739998,72.389999,71.519997,72.160004,71.201157,1932200,1.9923780076287134
429,2019-12-19,72.07,72.129997,71.440002,71.959999,71.003807,1266800,2.00277939136714
430,2019-12-20,72.019997,73.300003,71.58000200000001,73.260002,72.286537,4636400,1.9822549417893818
431,2019-12-23,73.339996,74.099998,73.220001,73.440002,72.46414200000001,1009500,1.9975490196745909
432,2019-12-24,73.410004,73.41999799999999,73.040001,73.290001,72.316132,281900,2.002046677554282
433,2019-12-26,73.269997,73.41999799999999,72.709999,73.019997,72.22711899999999,653600,2.003697672022638
434,2019-12-27,73.279999,73.529999,72.870003,73.279999,72.484299,727000,1.996451937724508
435,2019-12-30,73.279999,73.440002,72.949997,73.110001,72.316139,1278300,2.0023252359140304
436,2019-12-31,72.93,73.510002,72.599998,73.389999,72.593094,1110800,1.9961847935166206
437,2020-01-02,73.449997,73.690002,72.809998,73.620003,72.82061,2472300,1.9968757947483375
438,2020-01-03,72.82,73.879997,72.809998,73.83000200000001,73.028328,1451600,1.997155641415261
439,2020-01-06,73.360001,74.050003,73.199997,73.989998,73.186584,1617100,1.9978375996171807
440,2020-01-07,73.760002,73.760002,72.980003,73.019997,72.22711899999999,957100,2.0132840460127657
441,2020-01-08,73.239998,73.83000200000001,73.040001,73.440002,72.642555,1920900,1.994280977824592
442,2020-01-09,73.800003,74.300003,73.0,73.760002,72.959091,1624900,1.9956616053237093
443,2020-01-10,74.010002,74.089996,73.279999,73.480003,72.682121,1214600,2.003810546932068
444,2020-01-13,73.480003,73.889999,72.760002,73.07,72.276573,2012200,2.005611098946216
445,2020-01-14,72.970001,74.239998,72.75,74.209999,73.40419,1547000,1.9846382021915938
446,2020-01-15,73.690002,75.190002,72.849998,74.690002,73.87898299999999,1542300,1.9935733968784737
447,2020-01-16,74.800003,75.809998,74.339996,75.58000200000001,74.759315,1519800,1.9882243983004924
448,2020-01-17,75.870003,75.940002,75.279999,75.860001,75.036278,1285300,1.9963090034760216
449,2020-01-21,75.459999,75.970001,75.309998,75.809998,74.986824,1349000,2.0006595831858482
450,2020-01-22,75.959999,76.32,75.470001,75.519997,74.699974,1368300,2.0038400557669513
451,2020-01-23,75.370003,75.760002,74.540001,75.68,74.858231,1371700,1.9978857954545453
452,2020-01-24,75.599998,75.599998,74.139999,74.459999,73.651482,957400,2.016384649696275
453,2020-01-27,73.379997,74.269997,73.160004,73.410004,72.61288499999999,1311100,2.0143031595530223
454,2020-01-28,73.769997,74.220001,73.349998,73.5,72.701904,1678700,1.9987755646258505
455,2020-01-29,73.599998,73.599998,72.239998,72.279999,71.495148,1787900,2.0168788187171947
456,2020-01-30,71.910004,72.82,71.360001,72.779999,71.989716,1270600,1.9931299806695517
457,2020-01-31,72.699997,73.07,71.459999,71.83000200000001,71.05004100000001,1414500,2.013225629591379
458,2020-02-03,72.239998,73.309998,72.050003,73.16999799999999,72.37548100000001,2504600,1.9816865376981425
459,2020-02-04,74.029999,74.959999,73.709999,74.220001,73.41409300000001,2208600,1.985852829616642
460,2020-02-05,76.989998,80.900002,75.75,78.599998,77.74652900000001,6326600,1.9442748459103014
461,2020-02-06,78.790001,79.93,78.540001,78.949997,78.09272800000001,2311700,1.9955668269373081
462,2020-02-07,78.790001,79.489998,78.519997,78.93,78.072937,1137100,2.000253351070569
463,2020-02-10,78.470001,79.66999799999999,78.099998,79.620003,78.755447,1686200,1.991333798367227
464,2020-02-11,80.0,80.550003,79.199997,80.230003,79.35882600000001,3099000,1.9923968593145884
465,2020-02-12,80.519997,80.519997,76.360001,76.68,75.847374,2907100,2.046296335419927
466,2020-02-13,76.120003,76.91999799999999,75.910004,76.489998,75.65943100000001,2038300,2.002484011046778
467,2020-02-14,76.339996,77.260002,76.190002,77.07,76.233131,3081400,1.9924743479953293
468,2020-02-18,77.120003,77.800003,76.66999799999999,76.779999,75.946281,1910000,2.0037770383404143
469,2020-02-19,76.940002,77.269997,76.339996,76.760002,75.926514,1880200,2.0002605132813835
470,2020-02-20,76.790001,77.019997,75.760002,76.709999,75.877045,1555900,2.000651844618066
471,2020-02-21,76.470001,76.760002,75.709999,76.07,75.244003,1992200,2.00841329039043
472,2020-02-24,74.410004,75.82,73.370003,73.379997,72.583206,2779900,2.036658532433573
473,2020-02-25,73.91999799999999,73.989998,72.190002,72.410004,71.62374100000001,3071200,2.0133958423755924
474,2020-02-26,72.900002,74.08000200000001,72.18,72.410004,71.62374100000001,2981300,2.0
475,2020-02-27,71.519997,72.599998,69.83000200000001,69.889999,69.131111,3146000,2.036056732523347
476,2020-02-28,68.040001,69.339996,67.529999,69.269997,68.517838,5167200,2.0089505128750043
477,2020-03-02,69.510002,72.589996,69.220001,72.550003,71.762215,3179800,1.9547897193057315
478,2020-03-03,72.66999799999999,73.959999,70.33000200000001,71.099998,70.327957,3217500,2.020393882430208
479,2020-03-04,72.360001,73.550003,71.809998,73.489998,72.692009,2404500,1.9674785676276654
480,2020-03-05,71.559998,73.529999,71.040001,72.57,71.781998,2442200,2.012677387350145
481,2020-03-06,70.449997,73.720001,70.260002,73.360001,72.563423,3283900,1.9892311751740572
482,2020-03-09,69.519997,71.809998,69.440002,70.260002,69.497086,4415600,2.044121817702197
483,2020-03-10,71.43,71.860001,66.75,69.139999,68.389252,3587900,2.016199060112801
484,2020-03-11,67.470001,69.010002,66.599998,68.349998,67.60781899999999,3954900,2.011558171515967
485,2020-03-12,65.010002,68.089996,64.540001,64.68,63.977676,4706800,2.05674084724799
486,2020-03-13,66.709999,67.510002,60.68,64.43,63.730389,6424400,2.003880180040354
487,2020-03-16,59.919998,61.709998999999996,58.110001000000004,60.529999,59.872733999999994,5019200,2.0644308783153957
488,2020-03-17,60.98,64.309998,57.98,62.369999,61.69276,4572100,1.970498636692298
489,2020-03-18,59.939999,61.759997999999996,54.540001000000004,59.869999,59.219898,3462700,2.041757141168484
490,2020-03-19,59.720001,62.549999,58.07,59.490002000000004,58.844028,3370800,2.006387577529414
491,2020-03-20,59.919998,60.93,56.080002,56.549999,55.935951,5137700,2.051989443890176
492,2020-03-23,55.98,56.849998,53.080002,54.700001,54.106044999999995,3695400,2.0338208037692724
493,2020-03-24,57.150002,59.740002000000004,56.110001000000004,58.419998,57.785641000000005,4147900,1.936323226166492
494,2020-03-25,58.419998,59.93,56.759997999999996,58.040001000000004,57.409775,3124800,2.0065471570202074
495,2020-03-26,57.82,61.790001000000004,57.82,61.040001000000004,60.377196999999995,3454000,1.9508519011983634
496,2020-03-27,58.889998999999996,62.060001,58.110001000000004,60.009997999999996,59.358382999999996,2771100,2.0171638565960293
497,2020-03-30,61.27,64.489998,60.900002,64.239998,63.542454000000006,2909500,1.934153173541506
498,2020-03-31,64.970001,64.970001,62.639998999999996,62.990002000000004,62.30603000000001,2837500,2.019844355616944
499,2020-04-01,60.889998999999996,61.959998999999996,59.849998,60.709998999999996,60.05078100000001,2199700,2.0375556421933068
500,2020-04-02,60.299999,63.25,59.610001000000004,61.959998999999996,61.46946,1624400,1.9798256936705245
501,2020-04-03,61.360001000000004,62.529999,61.139998999999996,62.27,61.777007999999995,2223400,1.9950216637224987
502,2020-04-06,63.380001,64.260002,62.0,63.959998999999996,63.45362900000001,2520300,1.9735772509940157
503,2020-04-07,64.900002,65.989998,63.900002,64.260002,63.75125500000001,2277500,1.9953314193796632
504,2020-04-08,63.950001,66.769997,63.299999,66.410004,65.88423900000001,2200900,1.9676253294609047
505,2020-04-09,67.410004,68.83000200000001,67.07,68.379997,67.838631,2314400,1.9711905076567935
506,2020-04-13,67.879997,68.110001,64.279999,65.720001,65.199692,2004100,2.040474679846703
507,2020-04-14,66.610001,69.389999,66.529999,68.949997,68.40412099999999,2416100,1.9531545157282604
508,2020-04-15,66.68,69.290001,66.68,68.209999,67.669975,2412600,2.0108488199801906
509,2020-04-16,68.639999,69.089996,67.33000200000001,68.639999,68.09657299999999,2004600,1.9937354311441642
510,2020-04-17,70.269997,70.269997,68.709999,70.010002,69.455727,2524800,1.980431324655583
511,2020-04-20,68.82,71.760002,68.760002,70.25,69.693832,2086600,1.9965836583629892
512,2020-04-21,69.07,70.050003,67.75,68.589996,68.046974,2497100,2.02420183841387
513,2020-04-22,70.160004,71.379997,69.599998,70.779999,70.219635,2329100,1.9690590134085761
514,2020-04-23,71.33000200000001,71.779999,70.519997,71.150002,70.5867,1759900,1.9947996768854623
515,2020-04-24,71.83000200000001,72.93,70.889999,72.75,72.174042,1632500,1.9780069003436427
516,2020-04-27,73.300003,74.41999799999999,72.470001,73.300003,72.71968100000001,1470300,1.992496548738204
517,2020-04-28,73.980003,74.879997,70.529999,71.760002,71.191872,3120700,2.0214604369715596
518,2020-04-29,72.099998,72.970001,68.949997,71.010002,70.447815,3581400,2.010561892393694
519,2020-04-30,70.25,70.93,69.029999,69.389999,68.840637,2115300,2.023346347072292
520,2020-05-01,67.809998,68.160004,66.150002,66.709999,66.181862,2079700,2.0401738875756843
521,2020-05-04,66.32,67.120003,65.550003,67.059998,66.52909100000001,2219000,1.9947808080757772
522,2020-05-05,67.199997,69.470001,67.199997,68.470001,67.92791700000001,2373100,1.9794069960653278
523,2020-05-06,68.75,69.059998,66.83000200000001,66.889999,66.360428,1962700,2.0236209003381807
524,2020-05-07,67.510002,67.639999,66.66999799999999,66.989998,66.459641,1993000,1.9985072547695852
525,2020-05-08,68.370003,68.93,67.370003,68.75,68.205711,1675100,1.9743999709090911
526,2020-05-11,68.459999,69.519997,68.139999,68.440002,67.898163,1606500,2.0045294855485243
527,2020-05-12,68.279999,68.480003,66.220001,66.220001,65.69573199999999,2673600,2.0335246295148806
528,2020-05-13,66.040001,66.379997,64.43,64.949997,64.43579100000001,1600400,2.0195535651833825
529,2020-05-14,64.360001,65.730003,63.110001000000004,65.589996,65.070724,2258900,1.9902424296534487
530,2020-05-15,65.66999799999999,65.989998,64.470001,65.110001,64.594528,4334600,2.0073720625499605
531,2020-05-18,66.379997,68.620003,66.309998,68.379997,67.838631,2209900,1.95217905610613
532,2020-05-19,68.5,68.779999,67.769997,67.779999,67.243385,1466600,2.0088521394047234
533,2020-05-20,68.019997,68.489998,67.510002,67.790001,67.253304,1129400,1.9998524561166475
534,2020-05-21,67.970001,68.25,67.050003,67.120003,66.588615,1266800,2.0099820913297637
535,2020-05-22,67.139999,67.41999799999999,66.589996,67.279999,66.747337,945900,1.9976219381335008
536,2020-05-26,68.980003,68.980003,67.290001,67.389999,66.856476,1614400,1.9983677103185595
537,2020-05-27,67.349998,68.529999,66.739998,68.309998,67.76918,1659400,1.9865320007768117
538,2020-05-28,68.980003,71.650002,68.18,70.870003,70.308922,2432100,1.9638774532011802
539,2020-05-29,70.91999799999999,72.980003,69.970001,72.900002,72.322845,3779800,1.9721536495979795
540,2020-06-01,72.43,73.040001,71.970001,72.589996,72.015297,1994200,2.0042706435746327
541,2020-06-02,72.5,73.25,72.0,73.160004,72.580795,2848000,1.9922087483756834
542,2020-06-03,73.739998,73.940002,72.720001,73.510002,72.928024,1710700,1.9952387703648817
543,2020-06-04,72.209999,73.300003,70.660004,71.370003,70.97876,2080100,2.0299845720897616
544,2020-06-05,71.720001,73.989998,71.059998,73.010002,72.60977199999999,2293000,1.9775373379663788
545,2020-06-08,72.790001,74.040001,72.410004,73.849998,73.44516,1359300,1.988625646272868
546,2020-06-09,73.730003,73.839996,71.629997,71.879997,71.48597,1374700,2.027406804148865
547,2020-06-10,72.120003,72.129997,70.650002,71.870003,71.476021,1878300,2.000139056624222
548,2020-06-11,71.489998,71.489998,67.160004,67.400002,67.030525,2404500,2.0663204876462764
549,2020-06-12,67.57,68.690002,66.129997,66.959999,66.592934,1677200,2.0065711321172515
550,2020-06-15,65.900002,68.010002,65.139999,67.889999,67.517838,2645500,1.9863013696612368
551,2020-06-16,68.709999,70.620003,68.599998,69.440002,69.059349,2646600,1.977678528868706
552,2020-06-17,69.860001,70.480003,69.410004,69.610001,69.228409,1885800,1.9975578365528253
553,2020-06-18,69.459999,69.959999,68.809998,69.720001,69.337807,2066400,1.9984222604930828
554,2020-06-19,70.629997,73.18,69.529999,73.18,72.778839,7312300,1.9527193358841213
555,2020-06-22,72.269997,72.550003,70.93,71.199997,70.809685,2596100,2.0278090320706053
556,2020-06-23,71.480003,72.209999,70.559998,71.050003,70.660522,1733000,2.0021111047665965
557,2020-06-24,70.43,70.650002,68.279999,68.650002,68.273674,1859000,2.0349599552815745
558,2020-06-25,68.599998,68.860001,67.82,68.360001,67.985268,1998700,2.004242261494408
559,2020-06-26,68.519997,68.879997,65.779999,66.540001,66.17524,3496900,2.0273519683295467
560,2020-06-29,67.230003,68.449997,66.75,67.940002,67.567566,1509200,1.9793935684605954
561,2020-06-30,68.059998,68.959999,67.370003,68.550003,68.174225,2009800,1.991101371651289
562,2020-07-01,68.68,69.809998,68.629997,69.489998,69.109062,2089900,1.9864729453582661
563,2020-07-02,70.010002,70.589996,69.75,69.910004,69.526772,1943900,1.9939921903022635
564,2020-07-06,70.91999799999999,71.220001,69.91999799999999,70.93,70.54117600000001,2743600,1.9856196813760045
565,2020-07-07,69.800003,70.730003,69.41999799999999,70.07,69.68589,2282600,2.0122734408448695
566,2020-07-08,70.5,70.5,69.129997,69.970001,69.58644100000001,1637200,2.001429169623708
567,2020-07-09,69.760002,69.910004,68.58000200000001,69.629997,69.248299,1564400,2.0048830104071382
568,2020-07-10,69.389999,70.089996,69.360001,69.93,69.546654,978400,1.9957099528099527
569,2020-07-13,70.150002,70.809998,69.389999,69.449997,69.069283,1810800,2.00691149057933
570,2020-07-14,69.220001,69.870003,68.690002,69.730003,69.347763,1346500,1.9959844258145236
571,2020-07-15,70.41999799999999,72.220001,70.41999799999999,71.809998,71.416351,1831800,1.97103474365784
572,2020-07-16,71.5,71.82,71.0,71.699997,71.306946,1264200,2.00153418416461
573,2020-07-17,71.57,71.91999799999999,70.839996,71.260002,70.86936999999999,2352300,2.00617450165101
574,2020-07-20,71.349998,71.709999,70.91999799999999,71.41999799999999,71.028488,1491200,1.9977597871117279
575,2020-07-21,71.800003,72.110001,71.040001,71.410004,71.018547,1799300,2.000139952379781
576,2020-07-22,71.66999799999999,72.480003,71.16999799999999,72.059998,71.664978,1292500,1.9909798221198953
577,2020-07-23,72.0,72.940002,71.760002,72.129997,71.734596,1672100,1.9990295438387444
578,2020-07-24,72.300003,72.480003,71.33000200000001,71.790001,71.396461,1513600,2.004735979875526
579,2020-07-27,71.529999,72.730003,71.0,72.449997,72.052841,1240800,1.9908903239844167
580,2020-07-28,72.160004,72.660004,70.970001,71.139999,70.750023,2032000,2.0184143662976433
581,2020-07-29,71.809998,73.800003,71.400002,73.410004,73.007584,2210800,1.9690777158927821
582,2020-07-30,70.91999799999999,72.75,69.309998,71.260002,70.86936999999999,2380100,2.0301712312609816
583,2020-07-31,71.040001,71.58000200000001,68.870003,69.449997,69.069283,2033800,2.0260619881668243
584,2020-08-03,69.230003,69.660004,68.57,68.82,68.442741,1902800,2.0091542720139497
585,2020-08-04,68.510002,69.449997,68.230003,68.910004,68.532249,1536200,1.9986938906577338
586,2020-08-05,69.470001,69.589996,68.489998,69.309998,68.930054,1257300,1.994228913410155
587,2020-08-06,69.290001,70.120003,69.290001,69.949997,69.566544,1411100,1.9908506214803698
588,2020-08-07,69.519997,70.050003,69.239998,70.040001,69.656059,1861900,1.9987149628967025
589,2020-08-10,70.0,71.989998,69.91999799999999,71.980003,71.585426,2300300,1.9730480422458445
590,2020-08-11,72.16999799999999,72.93,72.019997,72.410004,72.013062,2393900,1.994061580220324
591,2020-08-12,72.550003,73.519997,72.370003,72.769997,72.371086,1600900,1.995053002407022
592,2020-08-13,72.699997,73.220001,72.470001,73.08000200000001,72.67939,1409600,1.9957580050422004
593,2020-08-14,72.889999,73.269997,72.589996,72.910004,72.510323,1427700,2.002331614191106
594,2020-08-17,73.0,73.059998,72.519997,72.860001,72.460594,1284500,2.00068628876357
595,2020-08-18,73.239998,73.790001,73.050003,73.410004,73.007584,1589000,1.9925077922622099
596,2020-08-19,73.66999799999999,73.790001,72.25,72.440002,72.0429,824100,2.013390419287951
597,2020-08-20,72.260002,72.690002,71.470001,71.629997,71.237335,833300,2.0113081814033857
598,2020-08-21,71.25,71.910004,71.110001,71.82,71.4263,1201600,1.997354455583403
599,2020-08-24,72.160004,72.5,71.82,72.360001,71.96333299999999,932700,1.992537299716179
600,2020-08-25,72.410004,72.5,71.5,71.809998,71.416351,1134500,2.0076591423940715
601,2020-08-26,71.790001,71.790001,70.610001,71.389999,70.99865,1038000,2.005883162990379
602,2020-08-27,72.209999,73.449997,71.639999,73.239998,72.838509,1626900,1.974740591882594
603,2020-08-28,73.279999,73.41999799999999,72.220001,72.800003,72.400925,946100,2.0060438871135764
604,2020-08-31,71.849998,73.68,71.849998,73.370003,72.967804,2016700,1.9922311574663558
605,2020-09-01,72.879997,73.029999,72.050003,72.470001,72.072731,1034800,2.01241895939811
606,2020-09-02,72.910004,75.5,72.599998,75.230003,74.817612,2561600,1.963312483185731
607,2020-09-03,75.190002,76.209999,73.059998,73.769997,73.365601,2114800,2.0197913251914597
608,2020-09-04,73.870003,74.599998,71.790001,72.010002,71.615257,2251800,2.0244409797405645
609,2020-09-08,71.379997,71.66999799999999,69.75,70.040001,69.656059,2563100,2.028126798570434
610,2020-09-09,70.769997,72.139999,70.339996,71.57,71.177666,1562400,1.978622341763309
611,2020-09-10,71.370003,72.089996,70.279999,70.379997,69.994186,1545900,2.016908255906859
612,2020-09-11,70.0,71.400002,69.940002,70.949997,70.561066,1844300,1.9919661730218257
613,2020-09-14,71.459999,72.550003,71.449997,71.940002,71.54563900000001,977500,1.986238462990312
614,2020-09-15,72.0,72.349998,71.58000200000001,71.699997,71.306946,1099100,2.0033473502097916
615,2020-09-16,72.400002,73.58000200000001,72.059998,72.41999799999999,72.02301,1965500,1.9900579809460917
616,2020-09-17,71.269997,72.08000200000001,70.709999,71.779999,71.386513,1432500,2.00891611882023
617,2020-09-18,72.099998,72.139999,69.33000200000001,69.849998,69.46709399999999,2784100,2.027630652186991
618,2020-09-21,68.510002,69.040001,67.08000200000001,68.699997,68.32339499999999,1820900,2.016739462157473
619,2020-09-22,68.610001,69.029999,67.809998,68.629997,68.253784,1459600,2.001019962160278
620,2020-09-23,68.720001,68.989998,67.440002,67.730003,67.358719,1424200,2.0132879663389356
621,2020-09-24,67.529999,68.260002,66.75,67.480003,67.28891800000001,949100,2.0037048012579373
622,2020-09-25,67.110001,69.510002,66.91999799999999,69.309998,69.113731,1319200,1.9735969549443646
623,2020-09-28,70.050003,71.629997,69.809998,71.599998,71.397247,1833200,1.9680167588831494
624,2020-09-29,71.379997,72.5,71.099998,71.190002,70.988411,1257900,2.005759179498267
625,2020-09-30,71.58000200000001,73.160004,70.639999,72.290001,72.085297,1712200,1.9847835249027042
626,2020-10-01,72.849998,73.300003,71.75,72.309998,72.105232,1402700,1.99972345456295
627,2020-10-02,71.510002,71.980003,70.480003,71.18,70.978439,1027200,2.015875217757797
628,2020-10-05,70.709999,71.959999,70.709999,71.760002,71.556793,1314200,1.9919174751416533
629,2020-10-06,72.16999799999999,73.139999,71.5,71.980003,71.776176,1336800,1.996943581677817
630,2020-10-07,72.82,72.93,71.400002,71.480003,71.277588,1022100,2.006994963332612
631,2020-10-08,71.839996,72.18,71.440002,71.839996,71.636566,807100,1.9949889613022807
632,2020-10-09,72.66999799999999,73.18,71.870003,72.389999,72.185005,1023100,1.992402223959141
633,2020-10-12,72.849998,75.050003,72.699997,73.790001,73.581047,1836900,1.981027212616517
634,2020-10-13,74.040001,74.08000200000001,72.959999,73.25,73.04257199999999,1411100,2.0073720273037545
635,2020-10-14,73.75,74.389999,73.25,74.230003,74.019798,1122800,1.986797750769322
636,2020-10-15,73.230003,74.08000200000001,73.08000200000001,73.760002,73.551132,1109400,2.0063720307382855
637,2020-10-16,73.949997,75.239998,73.540001,74.629997,74.418663,1549600,1.9883425561440125
638,2020-10-19,74.75,75.110001,72.029999,72.360001,72.155098,1053200,2.0313708674492696
639,2020-10-20,72.589996,73.589996,72.220001,72.699997,72.494125,787600,1.9953233010449782
640,2020-10-21,72.68,73.489998,72.33000200000001,72.559998,72.354523,1416400,2.0019294239782095
641,2020-10-22,72.68,72.769997,71.139999,72.589996,72.384438,802800,1.9995867474631077
642,2020-10-23,73.040001,74.129997,73.0,73.720001,73.511246,847900,1.9846716632573027
643,2020-10-26,72.529999,73.120003,71.75,72.870003,72.663651,987500,2.0116645802800366
644,2020-10-27,72.910004,73.93,72.110001,72.739998,72.534019,1347100,2.0017872560293446
645,2020-10-28,72.150002,72.550003,70.510002,70.639999,70.439964,2916400,2.0297281855850535
646,2020-10-29,70.379997,71.660004,68.480003,70.480003,70.28041800000001,1773100,2.0022700907092754
647,2020-10-30,69.300003,70.779999,69.050003,70.089996,69.891518,1474700,2.0055643746933587
648,2020-11-02,71.0,71.900002,70.440002,71.870003,71.666481,1132800,1.9752329633268555
649,2020-11-03,72.57,73.470001,72.309998,72.449997,72.244835,1253900,1.9919945614352474
650,2020-11-04,74.889999,75.220001,71.910004,72.099998,71.89582800000001,2146800,2.0048543551970694
651,2020-11-05,73.599998,73.650002,72.139999,72.400002,72.19498399999999,1316300,1.9958562984570083
652,2020-11-06,72.779999,73.199997,71.940002,72.959999,72.753395,1030700,1.99232460241673
653,2020-11-09,75.739998,77.33000200000001,73.809998,73.870003,73.66082,2234600,1.9876810076750637
654,2020-11-10,72.940002,75.059998,72.800003,74.720001,74.508415,1798400,1.988624223920982
655,2020-11-11,75.290001,75.470001,73.940002,74.610001,74.39872,1399700,2.001474333179542
656,2020-11-12,74.269997,74.879997,73.389999,73.860001,73.650848,897500,2.0101543459226328
657,2020-11-13,74.339996,75.459999,74.209999,75.459999,75.246315,997600,1.9787967397137125
658,2020-11-16,75.58000200000001,76.150002,75.0,75.260002,75.046883,790500,2.002657414226484
659,2020-11-17,74.720001,75.389999,73.879997,74.769997,74.558266,913200,2.006553497654948
660,2020-11-18,74.519997,75.239998,72.879997,72.91999799999999,72.713509,1298400,2.025370255769892
661,2020-11-19,73.029999,73.360001,72.099998,72.870003,72.663651,1140300,2.0006860847803174
662,2020-11-20,72.870003,74.120003,72.540001,73.25,73.04257199999999,1558800,1.9948123276450511
663,2020-11-23,73.970001,74.43,73.16999799999999,73.610001,73.401558,1315400,1.9951093466226146
664,2020-11-24,74.16999799999999,75.150002,73.779999,74.370003,74.159409,1196900,1.9897807991213878
665,2020-11-25,74.800003,74.82,73.800003,74.120003,73.91011,863900,2.003372908660028
666,2020-11-27,74.07,74.379997,73.790001,74.099998,73.890167,819800,2.0002699730167333
667,2020-11-30,74.120003,74.879997,73.75,74.839996,74.628067,1937500,1.9901122656393517
668,2020-12-01,75.059998,76.0,74.900002,75.370003,75.15657,1308700,1.9929679318176488
669,2020-12-02,75.040001,75.550003,74.839996,75.470001,75.256287,844200,1.9986749967049822
670,2020-12-03,75.150002,75.269997,73.650002,73.889999,73.680763,1274400,2.021383164452337
671,2020-12-04,73.690002,74.769997,73.470001,74.290001,74.079628,1443700,1.9946156683993046
672,2020-12-07,74.220001,74.470001,72.739998,72.839996,72.633728,1635800,2.019906714437491
673,2020-12-08,72.150002,74.190002,72.150002,74.150002,73.940025,1884100,1.9823330281231821
674,2020-12-09,74.120003,75.160004,73.860001,74.410004,74.19929499999999,1924100,1.9965058192981684
675,2020-12-10,74.050003,74.33000200000001,73.529999,73.970001,73.760536,1191400,2.005948397918772
676,2020-12-11,74.08000200000001,75.019997,73.769997,74.510002,74.299011,1486200,1.9927526374244362
677,2020-12-14,74.949997,75.029999,74.139999,74.25,74.039742,1522000,2.0035017104377104
678,2020-12-15,74.699997,75.410004,74.32,75.360001,75.146599,1611800,1.9852706875627566
679,2020-12-16,75.760002,77.5,75.440002,77.400002,77.180824,3245800,1.9736433986138655
680,2020-12-17,77.410004,78.370003,77.32,78.160004,77.938675,2600200,1.9902763311015181
681,2020-12-18,77.68,78.209999,76.970001,77.599998,77.380257,5548700,2.0072165723509423
682,2020-12-21,76.660004,77.08000200000001,75.089996,76.589996,76.37311600000001,1308000,2.0131871269454042
683,2020-12-22,76.58000200000001,77.620003,76.470001,77.379997,77.160873,1612200,1.9897906302581012
684,2020-12-23,77.779999,78.239998,77.349998,77.690002,77.470001,1039600,1.996009718213162
685,2020-12-24,78.400002,78.459999,77.620003,78.410004,78.410004,432000,1.9908174727296277
686,2020-12-28,78.699997,79.239998,77.510002,78.050003,78.050003,1425200,2.0046124405658254
687,2020-12-29,78.58000200000001,78.980003,78.199997,78.5,78.5,772600,1.9942675541401274
688,2020-12-30,78.379997,78.980003,77.849998,77.980003,77.980003,698400,2.0066683377788537
689,2020-12-31,78.010002,78.550003,77.58000200000001,78.480003,78.480003,704900,1.9936289502945101
